Divipola,Departamento ,Codigo Departamento,Municipio ,Poblacion Enero 2021,Poblacion Agosto 2021,Poblacion Febrero 2022,Poblacion Octubre 2022,Proyecciones Poblacion 2021,Proyecciones Población 2022,Tasa de Poblacion Migrante para 2021 por 1.000 Hab,Tasa de Poblacion Migrante para 2022 por 1.000 Hab,Tasa de Poblacion Migrante para octubre 2022 por 1.000 Hab
91001,Amazonas,91,Leticia,703,213,193,166,50811,52003,4,4,3
91540,Amazonas,91,Puerto Nariño,89,14,4,1,10460,10705,1,0,0
91263,Amazonas,91,El Encanto,42,43,85,1297,2093,2111,21,40,614
91798,Amazonas,91,Tarapaca,33,4,3,3,3970,4005,1,1,1
91669,Amazonas,91,Puerto Santander,30,26,22,26,1786,9439,15,2,3
91407,Amazonas,91,La Pedrera,18,7,5,7,3978,4013,2,1,2
91530,Amazonas,91,Puerto Alegria,18,3,1,1,777,784,4,1,1
91430,Amazonas,91,La Victoria,15,16,15,7,667,1132,24,13,6
91536,Amazonas,91,Puerto Arica,9,2,0,1,1050,1059,2,0,1
91405,Amazonas,91,La Chorrera,8,3,3,4,2978,3004,1,1,1
91460,Amazonas,91,Miriti - Parana,2,1,0,1,1894,1910,1,0,1
5001,Antioquia,5,Medellin,90100,148714,190854,238469,2573220,2612958,58,73,91
5088,Antioquia,5,Bello,14038,23862,32071,27852,560831,569488,43,56,49
5615,Antioquia,5,Rionegro,8508,10150,11169,9914,145242,147484,70,76,67
5360,Antioquia,5,Itagüi,7889,13586,17816,14517,294551,299098,46,60,49
5266,Antioquia,5,Envigado,7497,6266,6177,4472,246003,249800,25,25,18
5154,Antioquia,5,Caucasia,3049,1959,2399,2376,96927,98423,20,24,24
5631,Antioquia,5,Sabaneta,2798,4252,5040,3356,89364,90743,48,56,37
5440,Antioquia,5,Marinilla,2023,5245,7574,7089,68960,70024,76,108,101
5045,Antioquia,5,Apartadó,1852,3317,5688,5568,129751,131754,26,43,42
5129,Antioquia,5,Caldas,1763,2715,3135,2804,84734,86042,32,36,33
5148,Antioquia,5,El Carmen de Viboral,1441,2547,3588,3475,63564,64546,40,56,54
5656,Antioquia,5,San Jerónimo,1184,1682,1755,1468,16268,16520,103,106,89
5380,Antioquia,5,La Estrella,1078,2316,3093,2390,76704,77888,30,40,31
5837,Antioquia,5,Turbo,1062,1982,3526,3284,132236,134278,15,26,24
5376,Antioquia,5,La Ceja,1044,1923,2561,2294,69399,70470,28,36,33
5212,Antioquia,5,Copacabana,855,1674,2209,1899,83106,84389,20,26,23
5697,Antioquia,5,El Santuario,760,1586,2181,2180,37173,37747,43,58,58
5318,Antioquia,5,Guarne,707,2091,2980,2876,59073,59985,35,50,48
5308,Antioquia,5,Girardota,671,1536,2038,1828,55294,56148,28,36,33
5607,Antioquia,5,Retiro,568,865,1125,977,25146,25534,34,44,38
5756,Antioquia,5,Sonsón,568,805,985,1226,37193,37767,22,26,32
5890,Antioquia,5,Yolombó,522,392,306,326,23870,24239,16,13,13
5579,Antioquia,5,Puerto Berrío,447,827,1157,1543,41345,41983,20,28,37
5172,Antioquia,5,Chigorodó,435,623,1622,1486,60775,61714,10,26,24
5079,Antioquia,5,Barbosa,385,926,1584,1520,55201,56053,17,28,27
5042,Antioquia,5,Santafé de Antioquia,385,7356,8659,5441,27421,27844,268,311,195
5591,Antioquia,5,Puerto Triunfo,297,683,1010,1302,19268,19566,35,52,67
5147,Antioquia,5,Carepa,259,759,1588,1482,51947,52749,15,30,28
5686,Antioquia,5,Santa Rosa de Osos,257,419,559,554,38463,39058,11,14,14
5030,Antioquia,5,Amagá,251,668,969,851,31768,32259,21,30,26
5541,Antioquia,5,Peñol,251,798,1257,1250,22107,22448,36,56,56
5321,Antioquia,5,Guatapé,247,654,1006,924,8844,8981,74,112,103
5250,Antioquia,5,El Bagre,246,96,162,251,54681,55525,2,3,5
5101,Antioquia,5,Ciudad Bolívar,233,397,523,461,26721,27134,15,19,17
5664,Antioquia,5,San Pedro de los Milagros,221,653,933,775,23244,23603,28,40,33
5659,Antioquia,5,San Juan de Urabá,219,107,162,241,21279,21608,5,7,11
5237,Antioquia,5,Don Matías,215,450,594,608,20018,20328,22,29,30
5490,Antioquia,5,Necoclí,188,316,810,779,44811,45503,7,18,17
5604,Antioquia,5,Remedios,183,384,457,617,30094,30559,13,15,20
5051,Antioquia,5,Arboletes,180,194,265,325,30984,31462,6,8,10
5761,Antioquia,5,Sopetrán,165,636,903,864,15753,15996,40,56,54
5893,Antioquia,5,Yondó,162,190,337,371,20426,20741,9,16,18
5034,Antioquia,5,Andes,159,399,639,634,44885,45577,9,14,14
5660,Antioquia,5,San Luis,154,167,231,267,13327,13532,13,17,20
5264,Antioquia,5,Entrerríos,141,253,329,279,11912,12096,21,27,23
5674,Antioquia,5,San Vicente Ferrer,112,246,333,402,22818,12096,11,28,33
5002,Antioquia,5,Abejorral,111,196,311,535,20602,20920,10,15,26
5736,Antioquia,5,Segovia,110,547,849,1169,39990,40607,14,21,29
5847,Antioquia,5,Urrao,83,131,163,157,31355,31839,4,5,5
5667,Antioquia,5,San Rafael,82,184,255,229,15906,16151,12,16,14
5690,Antioquia,5,Santo Domingo,68,481,623,559,12515,12708,38,49,44
5679,Antioquia,5,Santa Bárbara,67,151,252,227,27608,28034,5,9,8
5364,Antioquia,5,Jardín,65,168,217,165,15060,15293,11,14,11
5670,Antioquia,5,San Roque,64,127,286,385,21932,22271,6,13,17
5282,Antioquia,5,Fredonia,63,169,221,288,25138,25526,7,9,11
5649,Antioquia,5,San Carlos,61,75,113,115,16056,16304,5,7,7
5400,Antioquia,5,La Unión,60,257,366,380,22742,23094,11,16,16
5197,Antioquia,5,Cocorná,59,151,228,322,15063,15296,10,15,21
5031,Antioquia,5,Amal?,55,75,148,126,27496,27921,3,5,5
5480,Antioquia,5,Mutatá,55,200,281,352,14612,14838,14,19,24
5313,Antioquia,5,Granada,54,202,301,268,9915,10069,20,30,27
5585,Antioquia,5,Puerto Nare,54,43,51,65,14664,14890,3,3,4
5390,Antioquia,5,La Pintada,52,114,191,188,8593,8726,13,22,22
5120,Antioquia,5,Cáceres,51,37,48,81,30833,31309,1,2,3
5887,Antioquia,5,Yarumal,51,134,234,239,43340,44009,3,5,5
5665,Antioquia,5,San Pedro de Urabá,50,40,190,157,32646,33150,1,6,5
5125,Antioquia,5,Caicedo,46,417,530,394,8668,8802,48,60,45
5368,Antioquia,5,Jericó,44,105,139,109,13919,14133,8,10,8
5310,Antioquia,5,Gómez Plata,43,85,122,110,10075,10230,8,12,11
5652,Antioquia,5,San Francisco,37,82,89,95,5981,6074,14,15,16
5642,Antioquia,5,Salgar,35,129,182,205,18544,18831,7,10,11
5861,Antioquia,5,Venecia,35,86,148,132,11897,12080,7,12,11
5895,Antioquia,5,Zaragoza,33,86,225,246,26106,26510,3,8,9
5790,Antioquia,5,Tarazá,31,49,72,104,28429,28868,2,2,4
5495,Antioquia,5,Nechí,30,24,43,57,27784,28213,1,2,2
5858,Antioquia,5,Vegachí,30,166,205,213,12226,12414,14,17,17
5040,Antioquia,5,Anorí,29,39,57,57,19404,19704,2,3,3
5055,Antioquia,5,Argelia,24,42,45,38,7662,7780,5,6,5
5789,Antioquia,5,Támesis,23,60,103,115,16452,16706,4,6,7
5086,Antioquia,5,Belmira,22,18,53,64,6211,6307,3,8,10
5091,Antioquia,5,Betania,22,94,232,226,10444,10605,9,22,21
5234,Antioquia,5,Dabeiba,20,104,179,207,23874,24242,4,7,9
5142,Antioquia,5,Caracolí,18,23,43,37,4602,4673,5,9,8
5809,Antioquia,5,Titiribí,18,28,46,47,10885,11053,3,4,4
5036,Antioquia,5,Angelopolis,17,1,0,0,5932,6023,0,0,0
5240,Antioquia,5,Ebéjico,17,16,24,16,12322,12512,1,2,1
5306,Antioquia,5,Giraldo,16,120,161,157,5839,5929,21,27,26
5190,Antioquia,5,Cisneros,14,166,236,267,10090,10246,16,23,26
5425,Antioquia,5,Maceo,13,72,101,116,8376,8505,9,12,14
5206,Antioquia,5,Concepción,12,19,28,26,4832,4906,4,6,5
5856,Antioquia,5,Valparaiso,12,1,0,0,6572,6674,0,0,0
5021,Antioquia,5,Alejandría,11,43,58,58,4771,4845,9,12,12
5059,Antioquia,5,Armenia,11,52,117,149,5153,5232,10,22,28
5209,Antioquia,5,Concordia,11,65,105,124,22024,22364,3,5,6
5347,Antioquia,5,Heliconia,11,56,70,58,5479,5563,10,13,10
5819,Antioquia,5,Toledo,11,10,16,25,5121,5200,2,3,5
5044,Antioquia,5,Anzá,10,10,18,25,7280,7393,1,2,3
5145,Antioquia,5,Caramanta,10,18,27,30,4720,4793,4,6,6
5628,Antioquia,5,Sabanalarga,10,9,5,21,9422,9567,1,1,2
5854,Antioquia,5,Valdivia,10,9,13,21,14321,14542,1,1,1
5885,Antioquia,5,Yalí,10,29,45,57,7800,7921,4,6,7
5475,Antioquia,5,Murindó,9,2,6,4,5316,5398,0,1,1
5353,Antioquia,5,Hispania,8,18,25,28,5678,5765,3,4,5
5483,Antioquia,5,Nariño,8,19,35,32,10101,10257,2,3,3
5501,Antioquia,5,Olaya,8,87,138,125,3224,3274,27,42,38
5150,Antioquia,5,Carolina,7,21,33,41,4034,4096,5,8,10
5284,Antioquia,5,Frontino,7,75,121,115,21021,21346,4,6,5
5315,Antioquia,5,Guadalupe,7,60,70,54,6768,6873,9,10,8
5792,Antioquia,5,Tarso,7,52,67,66,6328,6425,8,10,10
5138,Antioquia,5,Cañasgordas,6,79,131,133,15793,16037,5,8,8
5467,Antioquia,5,Montebello,6,9,11,18,6744,6848,1,2,3
5842,Antioquia,5,Uramita,6,19,27,25,7006,7114,3,4,4
5361,Antioquia,5,Ituango,5,13,28,28,28220,28656,0,1,1
5576,Antioquia,5,Pueblorrico,5,18,24,24,8870,9007,2,3,3
5004,Antioquia,5,Abriaquí,4,3,17,47,2777,2820,1,6,17
5107,Antioquia,5,Briceño,4,6,8,4,8246,8373,1,1,0
5113,Antioquia,5,Buriticá,4,36,58,70,9783,9934,4,6,7
5873,Antioquia,5,Vigia Del Fuerte,4,0,0,0,9569,9717,0,0,0
5093,Antioquia,5,Betulia,3,40,67,72,16143,16392,2,4,4
5038,Antioquia,5,Angostura,2,1,3,11,11715,11896,0,0,1
5134,Antioquia,5,Campamento,2,6,6,5,9386,9531,1,1,1
5411,Antioquia,5,Liborina,2,0,0,0,10247,10405,0,0,0
5543,Antioquia,5,Peque,2,0,0,0,8414,8543,0,0,0
5658,Antioquia,5,San José de la Montaña,2,19,24,28,3823,3882,5,6,7
5647,Antioquia,5,San Andrés de Cuerquía,1,84,100,83,7394,7508,11,13,11
81001,Arauca,81,Arauca,22113,18416,31150,51563,99143,100365,186,310,514
81736,Arauca,81,Saravena,12114,6469,7088,9157,64520,65314,100,109,140
81065,Arauca,81,Arauquita,5783,2899,5855,8471,57562,58270,50,100,145
81794,Arauca,81,Tame,2910,4628,8236,8181,50138,50754,92,162,161
81300,Arauca,81,Fortul,1490,1273,2509,2629,20629,20883,62,120,126
81220,Arauca,81,Cravo Norte,241,168,407,442,4242,4294,40,95,103
81591,Arauca,81,Puerto Rondon,200,18,0,0,5036,5098,4,0,0
8001,Atlantico,8,Barranquilla,97494,93321,112895,149165,1297082,1312473,72,86,114
8758,Atlantico,8,Soledad,30119,24348,32744,32068,677070,685106,36,48,47
8573,Atlantico,8,Puerto Colombia,6028,3340,3937,3362,54621,55269,61,71,61
8433,Atlantico,8,Malambo,4979,4388,5753,5955,142095,143781,31,40,41
8638,Atlantico,8,Sabanalarga,3933,3530,4009,4260,101843,9567,35,419,445
8296,Atlantico,8,Galapa,2741,2739,3853,3628,68235,69045,40,56,53
8436,Atlantico,8,Manatí,1839,579,733,799,21830,22090,27,33,36
8078,Atlantico,8,Baranoa,1714,1467,2038,2193,68264,69075,21,30,32
8675,Atlantico,8,Santa Lucía,1682,520,583,1000,17410,17617,30,33,57
8137,Atlantico,8,Campo de la Cruz,1616,739,1101,1250,23989,24274,31,45,51
8606,Atlantico,8,Repelón,1527,563,764,835,28606,28945,20,26,29
8770,Atlantico,8,Suan,1298,596,752,871,12797,12949,47,58,67
8421,Atlantico,8,Luruaco,1135,591,756,847,30863,31230,19,24,27
8560,Atlantico,8,Ponedera,1068,542,772,879,26194,26505,21,29,33
8685,Atlantico,8,Santo Tomás,988,593,819,927,32574,32960,18,25,28
8141,Atlantico,8,Candelaria,919,290,472,567,17506,17714,17,27,32
8634,Atlantico,8,Sabanagrande,919,651,856,919,35720,36144,18,24,25
8372,Atlantico,8,Juan de Acosta,854,713,922,1050,23164,23439,31,39,45
8520,Atlantico,8,Palmar de Varela,602,332,414,554,31594,31969,11,13,17
8558,Atlantico,8,Polonuevo,425,371,539,486,19899,20135,19,27,24
8832,Atlantico,8,Tubará,242,247,320,317,19187,19415,13,16,16
8549,Atlantico,8,Piojó,230,123,156,191,7216,7302,17,21,26
8849,Atlantico,8,Usiacurí,44,57,77,67,13380,13538,4,6,5
13001,Bolivar,13,Cartagena de Indias,51589,50026,70201,72040,1043926,1055035,48,67,68
13430,Bolivar,13,Magangué,7204,3471,2241,2582,142199,143710,24,16,18
13836,Bolivar,13,Turbaco,2851,2427,3495,3255,115116,116340,21,30,28
13052,Bolivar,13,Arjona,2162,1118,1587,1708,74819,75615,15,21,23
13688,Bolivar,13,Santa Rosa del Sur,1384,1149,1738,2266,35079,35452,33,49,64
13433,Bolivar,13,Mahates,1184,662,914,811,29789,30105,22,30,27
13062,Bolivar,13,Arroyohondo,1039,213,259,299,8839,8933,24,29,33
13140,Bolivar,13,Calamar,1020,353,815,700,23433,23683,15,34,30
13244,Bolivar,13,El Carmen de Bolívar,980,640,1422,1329,73653,74436,9,19,18
13442,Bolivar,13,María La Baja,938,545,982,951,49163,49686,11,20,19
13657,Bolivar,13,San Juan Nepomuceno,876,376,1292,1172,39090,39506,10,33,30
13222,Bolivar,13,Clemencia,728,403,556,523,15681,15848,26,35,33
13300,Bolivar,13,Hatillo de Loba,569,196,352,361,13204,13345,15,26,27
13647,Bolivar,13,San Estanislao,568,196,279,358,19407,19613,10,14,18
13620,Bolivar,13,San Cristóbal,538,174,501,403,8696,8788,20,57,46
13468,Bolivar,13,Mompós,507,466,957,989,47084,47585,10,20,21
13670,Bolivar,13,San Pablo,502,280,333,762,29165,29476,10,11,26
13873,Bolivar,13,Villanueva,461,226,362,328,25604,25876,9,14,13
13780,Bolivar,13,Talaigua Nuevo,424,194,337,334,13373,13515,15,25,25
13473,Bolivar,13,Morales,420,195,282,352,23688,23940,8,12,15
13440,Bolivar,13,Margarita,383,94,213,208,11272,11392,8,19,18
13667,Bolivar,13,San Martín de Loba,376,226,353,389,15114,15275,15,23,25
13600,Bolivar,13,Río Viejo,375,137,180,181,10892,11008,13,16,16
13673,Bolivar,13,Santa Catalina,362,167,315,274,15166,15327,11,21,18
13683,Bolivar,13,Santa Rosa,346,274,538,531,22740,22982,12,23,23
13188,Bolivar,13,Cicuco,332,74,174,165,14513,14668,5,12,11
13490,Bolivar,13,Norosí,300,154,244,254,10100,10207,15,24,25
13074,Bolivar,13,Barranco de Loba,281,109,173,158,15402,15566,7,11,10
13760,Bolivar,13,Soplaviento,252,71,99,100,10997,11114,6,9,9
13650,Bolivar,13,San Fernando,239,246,424,321,13215,13355,19,32,24
13006,Bolivar,13,Achí,208,69,212,219,25263,25531,3,8,9
13838,Bolivar,13,Turbaná,198,101,209,174,17669,17857,6,12,10
13654,Bolivar,13,San Jacinto,175,168,286,269,24910,25175,7,11,11
13810,Bolivar,13,Tiquisio,165,41,176,150,19315,19521,2,9,8
13030,Bolivar,13,Altos del Rosario,151,144,233,207,11756,11881,12,20,17
13549,Bolivar,13,Pinillos,149,46,118,125,25066,25333,2,5,5
13744,Bolivar,13,Simití,137,51,102,258,19426,19632,3,5,13
13458,Bolivar,13,Montecristo,133,133,240,235,17864,18054,7,13,13
13268,Bolivar,13,El Peñón,126,55,90,68,8194,8281,7,11,8
13580,Bolivar,13,Regidor,111,129,138,136,7334,7412,18,19,18
13212,Bolivar,13,Córdoba,87,42,74,116,16714,16892,3,4,7
13042,Bolivar,13,Arenal,85,80,215,304,7890,7974,10,27,38
13894,Bolivar,13,Zambrano,68,44,105,119,12502,12634,4,8,9
13160,Bolivar,13,Cantagallo,65,128,171,218,8824,8918,15,19,24
13248,Bolivar,13,El Guamo,59,27,37,35,9115,9212,3,4,4
15001,Boyaca,15,Tunja,5170,6686,8908,10033,180568,181710,37,49,55
15759,Boyaca,15,Sogamoso,2694,3950,5477,5355,132059,132895,30,41,40
15238,Boyaca,15,Duitama,1984,2597,3387,3700,127592,128400,20,26,29
15469,Boyaca,15,Moniquirá,1661,1201,1558,1395,23200,23346,52,67,60
15176,Boyaca,15,Chiquinquirá,1066,1104,1561,1499,58356,58726,19,27,26
15407,Boyaca,15,Villa de Leyva,970,1180,1744,1533,17096,17205,69,101,89
15223,Boyaca,15,Cubará,569,363,323,499,10828,10897,34,30,46
15572,Boyaca,15,Puerto Boyacá,365,402,674,741,48622,48930,8,14,15
15753,Boyaca,15,Soatá,170,234,365,309,8894,8951,26,41,35
15185,Boyaca,15,Chitaraque,165,217,353,458,5906,5944,37,59,77
15686,Boyaca,15,Santana,164,385,780,715,7765,7814,50,100,92
15516,Boyaca,15,Paipa,143,722,1304,1268,34931,35153,21,37,36
15757,Boyaca,15,Socha,129,276,431,416,8143,8195,34,53,51
15646,Boyaca,15,Samacá,128,713,1265,1591,18955,19075,38,66,83
15693,Boyaca,15,Santa Rosa de Viterbo,126,158,233,257,13419,13504,12,17,19
15638,Boyaca,15,Sáchica,120,266,671,588,5718,5755,47,117,102
15097,Boyaca,15,Boavita,119,100,129,141,4831,4862,21,27,29
15047,Boyaca,15,Aquitania,105,208,379,426,15656,15755,13,24,27
15696,Boyaca,15,Santa Sofía,102,151,366,351,3235,3255,47,112,108
15776,Boyaca,15,Sutamarchán,84,292,475,561,6273,6313,47,75,89
15664,Boyaca,15,San José de Pare,83,196,281,329,5034,5066,39,55,65
15491,Boyaca,15,Nobsa,82,313,496,498,16566,16671,19,30,30
15180,Boyaca,15,Chiscas,77,18,13,11,3914,3939,5,3,3
15810,Boyaca,15,Tipacoque,76,74,98,86,3313,3334,22,29,26
15600,Boyaca,15,Ráquira,75,312,554,572,8085,8136,39,68,70
15218,Boyaca,15,Covarachía,67,35,43,47,2721,2738,13,16,17
15673,Boyaca,15,San Mateo,64,22,30,35,3153,3173,7,9,11
15806,Boyaca,15,Tibasosa,63,209,424,428,13493,13579,15,31,32
15087,Boyaca,15,Belén,60,123,162,216,7585,7633,16,21,28
15322,Boyaca,15,Guateque,56,150,260,234,10981,11051,14,24,21
15667,Boyaca,15,San Luis de Gaceno,56,93,132,105,5512,5547,17,24,19
15480,Boyaca,15,Muzo,45,67,82,111,8453,8507,8,10,13
15183,Boyaca,15,Chita,44,80,108,85,7848,7898,10,14,11
15804,Boyaca,15,Tibaná,44,72,156,163,9184,9242,8,17,18
15051,Boyaca,15,Arcabuco,43,91,150,192,6021,6060,15,25,32
15204,Boyaca,15,Cómbita,42,75,55,54,13377,13461,6,4,4
15755,Boyaca,15,Socotá,41,56,146,142,7262,7308,8,20,19
15455,Boyaca,15,Mira?ores,40,129,227,202,9079,9136,14,25,22
15837,Boyaca,15,Tuta,38,79,155,178,8523,8577,9,18,21
15299,Boyaca,15,Garagoa,35,105,190,155,18455,18572,6,10,8
15816,Boyaca,15,Togüí,35,51,89,93,4366,4393,12,20,21
15317,Boyaca,15,Guacamayas,34,8,5,4,1847,1859,4,3,2
15464,Boyaca,15,Mongua,34,25,27,36,4652,4681,5,6,8
15215,Boyaca,15,Corrales,32,50,74,94,2563,2579,20,29,36
15494,Boyaca,15,Nuevo Colón,32,36,42,48,5254,5287,7,8,9
15808,Boyaca,15,Tinjaca,32,4,0,0,3375,3397,1,0,0
15276,Boyaca,15,Floresta,31,61,68,71,3254,3274,19,21,22
15820,Boyaca,15,Tópaga,29,25,39,77,3724,3747,7,10,21
15518,Boyaca,15,Pajarito,28,35,95,104,2431,2446,14,39,43
15403,Boyaca,15,La Uvita,27,9,18,27,2749,2767,3,7,10
15763,Boyaca,15,Sotaquirá,27,16,32,49,8364,8417,2,4,6
15861,Boyaca,15,Ventaquemada,26,214,419,440,16210,16313,13,26,27
15599,Boyaca,15,Ramiriquí,24,61,87,82,10147,10212,6,9,8
15162,Boyaca,15,Cerinza,23,14,20,21,3732,3756,4,5,6
15466,Boyaca,15,Monguí,21,41,56,57,4322,4350,9,13,13
15272,Boyaca,15,Firavitoba,19,34,44,46,6851,6895,5,6,7
15720,Boyaca,15,Sativanorte,18,12,18,15,2168,2182,6,8,7
15537,Boyaca,15,Paz de Río,17,45,97,100,4228,4254,11,23,24
15814,Boyaca,15,Toca,16,199,270,333,8956,9013,22,30,37
15104,Boyaca,15,Boyaca,14,1,0,0,5154,5187,0,0,0
15189,Boyaca,15,Ciénega,14,12,17,17,4688,4718,3,4,4
15522,Boyaca,15,Panqueba,14,30,39,37,1709,1720,18,23,22
15842,Boyaca,15,úmbita,14,22,32,31,7605,7654,3,4,4
15293,Boyaca,15,Gachantivá,13,41,51,52,2798,2815,15,18,18
15248,Boyaca,15,El Espino,12,35,44,36,3076,3095,11,14,12
15542,Boyaca,15,Pesca,12,18,23,25,6778,6821,3,3,4
15332,Boyaca,15,Güican de la Sierra,11,9,9,9,4331,4359,2,2,2
15632,Boyaca,15,Saboyá,11,22,25,25,13947,14035,2,2,2
15425,Boyaca,15,Macanal,10,18,23,22,5108,5140,4,4,4
15476,Boyaca,15,Motavita,10,10,23,20,5744,5781,2,4,3
15723,Boyaca,15,Sativasur,10,9,12,13,1113,1120,8,11,12
15244,Boyaca,15,El Cocuy,9,7,7,9,4144,4170,2,2,2
15296,Boyaca,15,Gámeza,9,18,30,24,4885,4916,4,6,5
15500,Boyaca,15,Oicatá,9,1,19,50,2911,2929,0,6,17
15022,Boyaca,15,Almeida,8,11,13,27,1820,1831,6,7,15
15109,Boyaca,15,Buenavista,8,26,43,46,4427,4455,6,10,10
15131,Boyaca,15,Caldas,8,9,12,12,3148,86042,3,0,0
15367,Boyaca,15,Jenesano,8,27,28,37,7390,7437,4,4,5
15507,Boyaca,15,Otanche,8,16,26,33,8061,8112,2,3,4
15135,Boyaca,15,Campohermoso,7,4,5,4,3083,3102,1,2,1
15224,Boyaca,15,Cucaita,7,33,56,48,3814,3838,9,15,13
15226,Boyaca,15,Cuítiva,7,5,14,15,1823,1834,3,8,8
15514,Boyaca,15,Páez,7,2,6,4,3267,3288,1,2,1
15531,Boyaca,15,Pauna,7,30,46,36,7263,7309,4,6,5
15764,Boyaca,15,Soracá,7,54,97,122,6111,6150,9,16,20
15762,Boyaca,15,Sora,6,12,15,19,3099,3118,4,5,6
15774,Boyaca,15,Susacón,6,3,6,6,2723,2740,1,2,2
15790,Boyaca,15,Tasco,6,23,41,45,5833,5870,4,7,8
15212,Boyaca,15,Coper,5,3,3,4,3596,3619,1,1,1
15368,Boyaca,15,Jericó,5,71,139,81,3917,14133,18,10,6
15690,Boyaca,15,Santa María,5,22,52,60,3523,3545,6,15,17
15092,Boyaca,15,Betéitiva,4,1,3,3,1949,1961,1,2,2
15236,Boyaca,15,Chivor,4,5,10,10,2544,2560,2,4,4
15325,Boyaca,15,Guayatá,4,15,41,48,3415,3437,4,12,14
15442,Boyaca,15,Maripí,4,11,23,22,5723,5759,2,4,4
15681,Boyaca,15,San Pablo De Borbur,4,15,20,22,6764,6806,2,3,3
15740,Boyaca,15,Siachoque,4,12,14,11,6822,6865,2,2,2
15835,Boyaca,15,Turmequé,4,21,35,23,6200,6239,3,6,4
15839,Boyaca,15,Tutazá,4,18,55,44,2053,2066,9,27,21
15897,Boyaca,15,Zetaquira,4,6,22,33,4658,4687,1,5,7
15362,Boyaca,15,Iza,3,7,20,29,2010,2022,3,10,14
15761,Boyaca,15,Somondoco,3,4,5,6,2900,2919,1,2,2
15798,Boyaca,15,Tenza,3,10,13,10,3848,3872,3,3,3
15822,Boyaca,15,Tota,3,11,17,21,5270,5303,2,3,4
15832,Boyaca,15,Tununguá,3,4,13,13,1587,1598,3,8,8
15090,Boyaca,15,Berbeo,2,3,4,3,1593,1603,2,2,2
15172,Boyaca,15,Chinavita,2,9,19,22,3217,3237,3,6,7
15187,Boyaca,15,Chivatá,2,3,4,6,2854,2872,1,1,2
15380,Boyaca,15,La Capilla,2,1,3,5,2710,2727,0,1,2
15401,Boyaca,15,La Victoria,2,0,0,0,1125,1132,0,0,0
15377,Boyaca,15,Labranzagrande,2,15,17,12,3518,3540,4,5,3
15533,Boyaca,15,Paya,2,0,0,0,2654,2670,0,0,0
15232,Boyaca,15,Chiquiza,1,0,0,0,4778,4808,0,0,0
15511,Boyaca,15,Pachavita,1,0,0,0,2458,2474,0,0,0
15580,Boyaca,15,Quípama,1,23,28,30,5017,5049,5,6,6
15621,Boyaca,15,Rondón,1,4,5,2,2390,2405,2,2,1
15660,Boyaca,15,San Eduardo,1,0,0,0,1672,1682,0,0,0
15676,Boyaca,15,San Miguel de Sema,1,1,1,0,3032,3052,0,0,0
15879,Boyaca,15,Viracachá,1,6,8,5,2829,2847,2,3,2
15106,Boyaca,15,Briceño,0,12,15,28,2178,8373,6,2,3
17001,Caldas,17,Manizales,4603,6303,10071,10769,450074,454077,14,22,24
17873,Caldas,17,Villamaría,455,383,610,496,68020,68625,6,9,7
17380,Caldas,17,La Dorada,378,518,903,842,74655,75319,7,12,11
17174,Caldas,17,Chinchiná,299,824,1604,1827,52715,53184,16,30,34
17486,Caldas,17,Neira,206,235,338,316,21295,21484,11,16,15
17042,Caldas,17,Anserma,205,214,374,419,37005,37335,6,10,11
17877,Caldas,17,Viterbo,150,138,180,190,12963,13078,11,14,15
17614,Caldas,17,Riosucio,144,261,398,399,52411,52878,5,8,8
17777,Caldas,17,Supía,123,242,441,442,29620,29884,8,15,15
17653,Caldas,17,Salamina,97,114,164,151,19559,19733,6,8,8
17013,Caldas,17,Aguadas,61,167,235,267,23245,23452,7,10,11
17050,Caldas,17,Aranzazu,60,176,316,351,10646,10741,17,29,33
17433,Caldas,17,Manzanares,59,95,139,138,17946,18106,5,8,8
17524,Caldas,17,Palestina,57,252,496,567,15815,15956,16,31,36
17513,Caldas,17,Pácora,54,132,229,270,15455,15593,9,15,17
17442,Caldas,17,Marmato,52,196,433,614,9247,9330,21,46,66
17616,Caldas,17,Risaralda,42,120,270,281,10659,10753,11,25,26
17272,Caldas,17,Filadel?a,29,49,67,78,11498,11600,4,6,7
17541,Caldas,17,Pensilvania,20,22,25,29,19924,20102,1,1,1
17388,Caldas,17,La Merced,16,33,49,49,5932,5985,6,8,8
17662,Caldas,17,Samaná,16,22,38,39,20138,20317,1,2,2
17444,Caldas,17,Marquetalia,15,19,77,76,13606,13727,1,6,6
17665,Caldas,17,San José de Pare,13,51,84,82,4958,5002,10,17,16
17867,Caldas,17,Victoria,12,17,23,33,10440,10533,2,2,3
17495,Caldas,17,Norcasia,9,21,23,24,6181,6235,3,4,4
17088,Caldas,17,Belalcázar,8,85,138,156,10741,10837,8,13,14
17446,Caldas,17,Marulanda,4,1,0,4,2566,2589,0,0,2
85001,Casanare,85,Yopal,16348,11991,11650,13410,179355,180513,67,65,74
85250,Casanare,85,Paz de Ariporo,1428,1284,1887,2059,37690,37933,34,50,54
85010,Casanare,85,Aguazul,1337,1526,1622,1859,38360,38607,40,42,48
85410,Casanare,85,Tauramena,915,706,845,1097,25410,25573,28,33,43
85440,Casanare,85,Villanueva,688,1549,2449,2666,36517,25876,42,95,103
85139,Casanare,85,Maní,295,846,1513,1838,17624,17737,48,85,104
85263,Casanare,85,Pore,295,293,454,554,12170,12248,24,37,45
85125,Casanare,85,Hato Corozal,252,219,327,444,12219,12298,18,27,36
85430,Casanare,85,Trinidad,182,269,450,588,13573,13660,20,33,43
85162,Casanare,85,Monterrey,113,491,972,1114,18175,18292,27,53,61
85230,Casanare,85,Orocué,66,132,197,202,12768,12851,10,15,16
85225,Casanare,85,Nunchía,47,47,67,91,8793,8850,5,8,10
85325,Casanare,85,San Luis de Palenque,47,84,154,186,8423,8477,10,18,22
85315,Casanare,85,Sácama,27,17,21,31,2078,2091,8,10,15
85136,Casanare,85,La Salina,23,4,4,5,1382,1390,3,3,4
85400,Casanare,85,Támara,20,45,64,61,6627,6670,7,10,9
85015,Casanare,85,Chámeza,15,21,38,45,2659,2676,8,14,17
85300,Casanare,85,Sabanalarga,8,14,29,39,3602,9567,4,3,4
85279,Casanare,85,Recetor,3,1,5,3,1813,1825,1,3,2
19001,Cauca,19,Popayan,4097,5237,7647,8721,328139,330750,16,23,26
19532,Cauca,19,Patia,1013,843,1023,1326,37793,38094,22,27,35
19698,Cauca,19,Santander de Quilichao,725,2458,4309,5106,113925,114832,22,38,44
19573,Cauca,19,Puerto Tejada,695,1148,1688,1858,42126,42462,27,40,44
19845,Cauca,19,Villa Rica,381,668,1162,1128,21502,21674,31,54,52
19455,Cauca,19,Miranda,211,419,654,697,32344,32602,13,20,21
19548,Cauca,19,Piendamo - Tunia,178,421,626,715,42179,42515,10,15,17
19807,Cauca,19,Timbío,108,187,384,404,36584,36875,5,10,11
19110,Cauca,19,Buenos Aires,89,114,179,192,32311,32568,4,5,6
19212,Cauca,19,Corinto,82,324,453,416,25643,25847,13,18,16
19300,Cauca,19,Guachené,81,239,318,383,20180,20340,12,16,19
19780,Cauca,19,Suárez,55,232,369,512,32792,33053,7,11,15
19473,Cauca,19,Morales,54,195,216,265,40412,23940,5,9,11
19821,Cauca,19,Toribio,54,45,52,47,36994,37289,1,1,1
19050,Cauca,19,Argelia,36,293,679,790,26800,7780,11,87,102
19142,Cauca,19,Caloto,36,107,182,176,30457,30699,4,6,6
19513,Cauca,19,Padilla,36,148,216,225,10072,10152,15,21,22
19743,Cauca,19,Silvia,33,37,41,37,38374,38680,1,1,1
19100,Cauca,19,Bolívar,31,118,168,234,37289,37586,3,4,6
19256,Cauca,19,El Tambo,31,78,140,191,54198,54629,1,3,3
19130,Cauca,19,Cajibío,30,26,28,44,43183,43527,1,1,1
19022,Cauca,19,Almaguer,26,18,25,54,18322,18468,1,1,3
19517,Cauca,19,Paez,26,31,46,42,47124,3288,1,14,13
19137,Cauca,19,Caldono,24,56,96,90,42112,42447,1,2,2
19450,Cauca,19,Mercaderes,22,112,200,191,23282,23467,5,9,8
19418,Cauca,19,Lopez de Micay,21,195,290,284,19086,19239,10,15,15
19318,Cauca,19,Gaupi,19,15,34,43,27917,28139,1,1,2
19622,Cauca,19,Rosas,16,34,60,59,11631,11724,3,5,5
19824,Cauca,19,Totoró,15,4,5,16,25821,26027,0,0,1
19355,Cauca,19,Inzá,13,56,69,65,29681,29918,2,2,2
19392,Cauca,19,La Sierra,13,25,53,60,10740,10825,2,5,6
19533,Cauca,19,Piamonte,12,20,26,25,9335,9409,2,3,3
19701,Cauca,19,Santa Rosa,12,11,12,10,5426,22982,2,1,0
19290,Cauca,19,Florencia,10,22,30,47,5346,176706,4,0,0
19364,Cauca,19,Jambaló,10,4,3,2,18720,18869,0,0,0
19809,Cauca,19,Timbiquí,9,27,68,85,26824,27038,1,3,3
19760,Cauca,19,Sotara - Paispamba,8,12,14,20,14326,14440,1,1,1
19075,Cauca,19,Balboa,7,68,130,156,21608,21780,3,6,7
19585,Cauca,19,Puracé,7,4,6,6,17709,17850,0,0,0
19693,Cauca,19,San Sebastián,6,6,13,10,11150,11239,1,1,1
19785,Cauca,19,Sucre,6,99,142,127,9748,9826,10,14,13
19397,Cauca,19,La Vega,4,18,19,21,24839,25036,1,1,1
20001,Cesar,20,Valledupar,35203,26725,33817,39126,544134,552048,49,61,71
20013,Cesar,20,Agustín Codazzi,3013,2118,4341,4130,66019,66979,32,65,62
20011,Cesar,20,Aguachica,2526,3202,5293,5744,121140,122902,26,43,47
20400,Cesar,20,La Jagua de Ibirico,1995,2300,4115,3905,52015,52771,44,78,74
20228,Cesar,20,Curumaní,1596,1401,2068,2155,40491,41080,35,50,52
20621,Cesar,20,La Paz,1574,1201,1669,1697,30218,30657,40,54,55
20178,Cesar,20,Chiriguaná,1355,1330,1795,1670,30248,30687,44,58,54
20045,Cesar,20,Becerril,1064,814,1318,1233,23793,24138,34,55,51
20060,Cesar,20,Bosconia,829,611,1001,1087,44235,44878,14,22,24
20175,Cesar,20,Chimichagua,791,246,408,497,36982,37519,7,11,13
20250,Cesar,20,El Paso,721,909,1930,1951,41715,42322,22,46,46
20750,Cesar,20,San Diego,645,422,690,692,20895,21199,20,33,33
20032,Cesar,20,Astrea,614,283,553,580,21499,21812,13,25,27
20550,Cesar,20,Pelaya,465,215,382,509,22754,23085,9,17,22
20238,Cesar,20,El Copey,443,255,424,508,32307,32777,8,13,15
20443,Cesar,20,Manaure Balcon del Cesar,430,363,554,530,11060,11221,33,49,47
20787,Cesar,20,Tamalameque,405,266,330,427,16525,16766,16,20,25
20383,Cesar,20,La Gloria,329,235,350,374,18831,19105,12,18,20
20770,Cesar,20,San Martín,260,595,1050,1170,29367,29794,20,35,39
20570,Cesar,20,Pueblo Bello,239,220,304,416,30054,30491,7,10,14
20517,Cesar,20,Pailitas,235,367,639,653,20114,20407,18,31,32
20710,Cesar,20,San Alberto,226,477,746,876,29050,29472,16,25,30
20614,Cesar,20,Río de Oro,212,322,430,411,18163,18427,18,23,22
20295,Cesar,20,Gamarra,115,131,223,284,16194,16429,8,14,17
20310,Cesar,20,González,64,113,124,87,4663,4731,24,26,18
27001,Choco,27,Quibdó,273,734,2204,2091,131886,132918,6,17,16
27615,Choco,27,Riosucio,100,62,115,343,55690,52878,1,2,6
27006,Choco,27,Acandí,83,55,185,208,14274,14385,4,13,14
27150,Choco,27,Carmén Del Darien,56,8,1,1,19671,19825,0,0,0
27800,Choco,27,Unguía,46,35,87,121,12926,13027,3,7,9
27361,Choco,27,Istmina,45,81,313,308,31055,31298,3,10,10
27245,Choco,27,El Carmen de Atrato,32,62,235,205,8278,8343,7,28,25
27372,Choco,27,Juradó,30,11,22,24,6898,6952,2,3,3
27250,Choco,27,El Litoral del San Juan,20,4,1,5,23080,23260,0,0,0
27810,Choco,27,Unión Panamericana,18,12,108,97,7040,7095,2,15,14
27075,Choco,27,Bahía Solano,16,12,62,43,10362,10443,1,6,4
27787,Choco,27,Tadó,10,11,42,42,18058,18199,1,2,2
27077,Choco,27,Bajo Baudó,9,9,21,28,30719,30959,0,1,1
27135,Choco,27,El Cantón Del San Pablo,9,19,29,29,6338,6388,3,5,5
27025,Choco,27,Alto Baudó,7,1,2,3,28528,28751,0,0,0
27495,Choco,27,Nuquí,7,6,12,9,16780,16911,0,1,1
27099,Choco,27,Bojayá,6,1,9,11,12428,12525,0,1,1
27450,Choco,27,Medio San Juan,6,1,0,0,10916,11001,0,0,0
27425,Choco,27,Medio Atrato,5,1,2,3,11021,11107,0,0,0
27205,Choco,27,Condoto,4,5,13,19,12467,12565,0,1,2
27660,Choco,27,San José Del Palmar,4,0,0,0,5001,5040,0,0,0
27413,Choco,27,Lloró,0,3,0,6,9993,10071,0,0,1
27430,Choco,27,Medio Baudó,3,6,25,22,15813,15937,0,2,1
27745,Choco,27,Sipí,0,2,0,3,3246,3271,1,0,1
27050,Choco,27,Atrato,2,2,10,14,6259,6308,0,2,2
27073,Choco,27,Bagado,2,0,0,0,11355,11444,0,0,0
27491,Choco,27,Nóvita,2,8,10,11,9179,9250,1,1,1
27580,Choco,27,Rio Iro,2,0,0,0,5638,5682,0,0,0
27160,Choco,27,Certegui,1,0,0,0,5808,5853,0,0,0
27600,Choco,27,Rio Quito,1,0,0,0,8518,8585,0,0,0
23001,Cordoba,23,Montería,5802,5838,8628,9382,509558,512994,11,17,18
23417,Cordoba,23,Lorica,1224,691,1898,1942,116404,117188,6,16,17
23162,Cordoba,23,Cereté,826,521,726,892,109299,110032,5,7,8
23660,Cordoba,23,Sahagún,776,556,1386,1429,111135,111882,5,12,13
23675,Cordoba,23,San Bernardo del Viento,716,166,276,439,37378,37629,4,7,12
23807,Cordoba,23,Tierralta,553,293,398,439,95973,96620,3,4,5
23464,Cordoba,23,Momil,523,100,228,214,20285,20422,5,11,10
23189,Cordoba,23,Ciénaga de Oro,331,359,682,648,61016,61426,6,11,11
23586,Cordoba,23,Purísima de la Concepción,322,68,160,150,17731,17850,4,9,8
23686,Cordoba,23,San Pelayo,298,139,194,197,53427,53786,3,4,4
23500,Cordoba,23,Moñitos,291,102,230,213,30837,31047,3,7,7
23672,Cordoba,23,San Antero,286,102,188,264,35328,35566,3,5,7
23815,Cordoba,23,Tuchín,211,39,25,58,55418,55791,1,0,1
23182,Cordoba,23,Chinú,198,264,563,732,49092,49422,5,11,15
23466,Cordoba,23,Montelíbano,185,393,635,648,86603,87187,5,7,7
23168,Cordoba,23,Chimá,166,25,148,130,18051,18173,1,8,7
23555,Cordoba,23,Planeta Rica,153,257,437,488,65305,65745,4,7,7
23855,Cordoba,23,Valencia,151,74,432,370,36640,36886,2,12,10
23670,Cordoba,23,San Andrés de Sotavento,146,73,154,152,48434,48760,2,3,3
23300,Cordoba,23,Cotorra,131,98,157,188,19712,19845,5,8,9
23079,Cordoba,23,Buenavista,101,44,52,65,21626,4455,2,12,15
23678,Cordoba,23,San Carlos,95,32,42,54,27591,16304,1,3,3
23068,Cordoba,23,Ayapel,85,60,96,135,47633,47954,1,2,3
23574,Cordoba,23,Puerto Escondido,85,37,50,56,24568,24733,2,2,2
23570,Cordoba,23,Pueblo Nuevo,81,64,103,128,36784,37032,2,3,3
23580,Cordoba,23,Puerto Libertador,40,93,181,165,43937,44233,2,4,4
23419,Cordoba,23,Los Córdobas,39,36,76,75,19476,19607,2,4,4
23090,Cordoba,23,Canalete,38,23,24,57,15563,15668,1,2,4
23350,Cordoba,23,La Apartada,36,39,52,43,15342,15446,3,3,3
23682,Cordoba,23,San Jose de Ure,21,24,30,30,13930,14023,2,2,2
25754,Cundinamarca,25,Soacha,26448,33709,43831,35564,783632,808288,43,54,44
25175,Cundinamarca,25,Chía,8596,10843,11735,7549,155541,160435,70,73,47
25269,Cundinamarca,25,Facatativá,6773,6090,6936,5869,162205,167309,38,41,35
25899,Cundinamarca,25,Zipaquirá,5697,7077,8384,7034,152195,156983,46,53,45
25473,Cundinamarca,25,Mosquera,4868,7724,10637,8197,156680,161610,49,66,51
25430,Cundinamarca,25,Madrid,4388,6833,9027,7435,132214,136374,52,66,55
25290,Cundinamarca,25,Fusagasugá,3739,3676,4774,4393,160296,165340,23,29,27
25286,Cundinamarca,25,Funza,3100,3825,4659,3782,109281,112720,35,41,34
25126,Cundinamarca,25,Cajicá,3089,4154,5206,4407,96678,99720,43,52,44
25386,Cundinamarca,25,La Mesa,2482,1867,1791,1662,37564,38746,50,46,43
25307,Cundinamarca,25,Girardot,2288,2520,3448,3047,114152,117744,22,29,26
25843,Cundinamarca,25,Villa de San Diego de Ubaté,1974,2359,2839,2449,48774,50309,48,56,49
25817,Cundinamarca,25,Tocancipá,1810,2096,2819,2327,47539,49035,44,57,47
25875,Cundinamarca,25,Villeta,1604,1564,1734,1617,30285,31238,52,56,52
25758,Cundinamarca,25,Sopó,1417,939,867,724,30157,31106,31,28,23
25377,Cundinamarca,25,La Calera,1399,1197,1296,964,34224,35301,35,37,27
25214,Cundinamarca,25,Cota,1225,1891,2671,2237,38469,39679,49,67,56
25245,Cundinamarca,25,El Colegio,888,801,793,681,27216,28072,29,28,24
25279,Cundinamarca,25,Fómeque,758,444,356,452,13311,13730,33,26,33
25260,Cundinamarca,25,El Rosal,723,1368,2015,1109,25757,26567,53,76,42
25772,Cundinamarca,25,Suesca,646,1053,1341,1050,19485,20098,54,67,52
25785,Cundinamarca,25,Tabio,645,679,873,747,25172,25964,27,34,29
25320,Cundinamarca,25,Guaduas,640,738,929,820,34531,35617,21,26,23
25183,Cundinamarca,25,Chocontá,635,505,559,581,23163,23892,22,23,24
25513,Cundinamarca,25,Pacho,634,532,510,500,26828,27672,20,18,18
25799,Cundinamarca,25,Tenjo,586,724,906,779,25053,25841,29,35,30
25151,Cundinamarca,25,Cáqueza,576,432,446,439,18669,19257,23,23,23
25736,Cundinamarca,25,Sesquilé,512,481,563,522,13147,13561,37,42,38
25402,Cundinamarca,25,La Vega,495,777,904,756,19382,25036,40,36,30
25486,Cundinamarca,25,Nemocón,449,545,713,733,15109,15585,36,46,47
25878,Cundinamarca,25,Viotá,404,277,221,235,14429,14883,19,15,16
25740,Cundinamarca,25,Sibaté,399,896,1293,1222,38114,39313,24,33,31
25815,Cundinamarca,25,Tocaima,377,282,277,284,17271,17814,16,16,16
25295,Cundinamarca,25,Gachancipá,373,840,1293,1161,20150,20784,42,62,56
25326,Cundinamarca,25,Guatavita,368,206,121,93,7082,7304,29,17,13
25438,Cundinamarca,25,Medina,342,229,142,116,8537,8806,27,16,13
25040,Cundinamarca,25,Anolaima,248,250,408,409,15156,15633,16,26,26
25769,Cundinamarca,25,Subachoque,242,511,701,534,17408,17956,29,39,30
25743,Cundinamarca,25,Silvania,238,484,786,762,24422,25190,20,31,30
25530,Cundinamarca,25,Paratebueno,0,235,374,420,9584,9886,25,38,42
25035,Cundinamarca,25,Anapoima,223,427,649,570,16702,17227,26,38,33
25658,Cundinamarca,25,San Francisco,197,565,827,624,12314,6074,46,136,103
25297,Cundinamarca,25,Gachetá,191,209,163,193,8878,9157,24,18,21
25322,Cundinamarca,25,Guasca,189,424,605,514,17607,18160,24,33,28
25718,Cundinamarca,25,Sasaima,185,241,287,256,11979,12355,20,23,21
25572,Cundinamarca,25,Puerto Salgar,149,2379,2865,1656,17333,17878,137,160,93
25339,Cundinamarca,25,Gutiérrez,127,137,212,184,3709,3825,37,55,48
25181,Cundinamarca,25,Choachí,125,152,259,263,11986,12363,13,21,21
25099,Cundinamarca,25,Bojacá,124,285,449,409,11535,11898,25,38,34
25200,Cundinamarca,25,Cogua,124,347,483,478,25404,26204,14,18,18
25001,Cundinamarca,25,Agua de Dios,122,114,151,220,12813,13217,9,11,17
25053,Cundinamarca,25,Arbeláez,110,133,140,116,11394,11753,12,12,10
25317,Cundinamarca,25,Guachetá,109,251,412,409,14807,15272,17,27,27
25394,Cundinamarca,25,La Palma,107,80,64,61,10200,10521,8,6,6
25645,Cundinamarca,25,San Antonio del Tequendama,88,188,260,218,13339,13758,14,19,16
25612,Cundinamarca,25,Ricaurte,87,184,258,227,14941,15411,12,17,15
25873,Cundinamarca,25,Villapinzón,81,0,237,209,19165,19768,0,12,11
25019,Cundinamarca,25,Albán,80,168,198,165,7152,7377,23,27,22
25312,Cundinamarca,25,Granada,74,199,309,331,8246,10069,24,31,33
25845,Cundinamarca,25,Une,67,95,154,155,7664,7905,12,19,20
25862,Cundinamarca,25,Vergara,64,46,61,65,7452,7686,6,8,8
25426,Cundinamarca,25,Macheta,61,41,73,67,6527,6733,6,11,10
25662,Cundinamarca,25,San Juan de Río seco,59,72,93,100,8876,9155,8,10,11
25797,Cundinamarca,25,Tena,54,150,268,271,10949,11294,14,24,24
25123,Cundinamarca,25,Cachipay,46,173,294,335,11128,11478,16,26,29
25168,Cundinamarca,25,Chaguaní,46,77,97,83,4537,4680,17,21,18
25288,Cundinamarca,25,Fúquene,46,107,172,157,5418,5588,20,31,28
25328,Cundinamarca,25,Guayabal de Síquima,45,126,198,154,4931,5087,26,39,30
25335,Cundinamarca,25,Guayabetal,42,93,173,174,7012,7232,13,24,24
25596,Cundinamarca,25,Quipile,42,57,78,65,6796,7009,8,11,9
25148,Cundinamarca,25,Caparrapí,40,39,67,63,13506,13931,3,5,5
25407,Cundinamarca,25,Lenguazaque,40,217,319,282,11223,11576,19,28,24
25154,Cundinamarca,25,Carmen de Carupa,38,34,54,49,8255,8515,4,6,6
25224,Cundinamarca,25,Cucunubá,38,63,90,84,8585,8855,7,10,9
25793,Cundinamarca,25,Tausa,37,131,183,179,8998,9281,15,20,19
25898,Cundinamarca,25,Zipacón,36,133,187,191,5221,5386,25,35,35
25506,Cundinamarca,25,Venecia,35,297,401,258,4626,12080,64,33,21
25745,Cundinamarca,25,Simijaca,33,83,125,144,14620,15080,6,8,10
25178,Cundinamarca,25,Chipaque,29,63,103,113,10457,10786,6,10,10
25851,Cundinamarca,25,útica,29,60,103,107,4610,4755,13,22,23
25524,Cundinamarca,25,Pandi,28,55,80,71,5546,5720,10,14,12
25649,Cundinamarca,25,San Bernardo,28,187,277,220,9341,9635,20,29,23
25483,Cundinamarca,25,Nariño,26,90,121,95,2562,10257,35,12,9
25779,Cundinamarca,25,Susa,23,134,176,129,7348,7579,18,23,17
25781,Cundinamarca,25,Sutatausa,23,52,99,124,6697,6908,8,14,18
25594,Cundinamarca,25,Quetame,0,23,52,45,5526,5700,4,9,8
25489,Cundinamarca,25,Nimaima,21,26,34,39,3912,4036,7,8,10
25491,Cundinamarca,25,Nocaima,20,71,132,150,6823,7037,10,19,21
25841,Cundinamarca,25,Ubaque,20,155,259,285,7348,7579,21,34,38
25805,Cundinamarca,25,Tibacuy,18,19,30,21,4823,4975,4,6,4
25281,Cundinamarca,25,Fosca,17,55,110,101,6278,6475,9,17,16
25258,Cundinamarca,25,El Peñón,16,48,54,48,4979,8281,10,7,6
25488,Cundinamarca,25,Nilo,15,38,51,51,12508,12902,3,4,4
25867,Cundinamarca,25,Vianí,14,56,78,69,4852,5005,12,16,14
25095,Cundinamarca,25,Bituima,12,15,26,28,2670,2754,6,9,10
25368,Cundinamarca,25,Jerusalén,12,121,144,95,2407,2483,50,58,38
25885,Cundinamarca,25,Yacopí,12,22,44,42,13063,13474,2,3,3
25120,Cundinamarca,25,Cabrera,11,44,61,56,5263,5429,8,11,10
25324,Cundinamarca,25,Guataquí,11,18,32,28,2882,2973,6,11,9
25777,Cundinamarca,25,Supatá,11,41,83,68,5763,5944,7,14,11
25871,Cundinamarca,25,Villagómez,11,24,28,25,1899,1958,13,14,13
25599,Cundinamarca,25,Apulo,10,95,141,123,9094,9381,10,15,13
25535,Cundinamarca,25,Pasca,9,75,123,125,10008,10323,7,12,12
25653,Cundinamarca,25,San Cayetano,9,20,33,27,5176,5339,4,6,5
25592,Cundinamarca,25,Quebradanegra,8,66,161,142,5123,5284,13,30,27
25398,Cundinamarca,25,La Peña,7,35,47,47,6337,6536,6,7,7
25293,Cundinamarca,25,Gachalá,6,7,6,6,4580,4724,2,1,1
25436,Cundinamarca,25,Manta,6,17,31,29,4048,4175,4,7,7
25823,Cundinamarca,25,Topaipi,6,0,0,0,4454,4594,0,0,0
25839,Cundinamarca,25,Ubalá,5,17,36,33,8098,8353,2,4,4
25372,Cundinamarca,25,Junín,4,8,10,10,6315,6514,1,2,2
25518,Cundinamarca,25,Paime,4,10,11,6,4449,4589,2,2,1
25580,Cundinamarca,25,Pulí,4,26,31,25,3575,3687,7,8,7
25299,Cundinamarca,25,Gama,3,3,6,5,3342,3447,1,2,1
25807,Cundinamarca,25,Tibiritá,3,6,9,8,3415,3523,2,3,2
25086,Cundinamarca,25,Beltrán,2,6,8,8,1960,2022,3,4,4
94001,Guainia,94,Inirida,5994,4815,6704,6851,34401,34963,140,192,196
94343,Guainia,94,BarrancoMinas,36,9,19,20,9104,9131,1,2,2
94886,Guainia,94,Cacahual,31,6,58,39,908,911,7,64,43
94883,Guainia,94,San Felipe,17,6,4,4,1753,1758,3,2,2
94884,Guainia,94,Puerto Colombia,14,3,3,1,1995,55269,2,0,0
94887,Guainia,94,Pana Pana,4,0,0,0,2023,2028,0,0,0
94885,Guainia,94,La Guadalupe,2,0,0,0,298,299,0,0,0
95001,Guaviare,95,San Jose del Guaviare,219,737,1113,1237,57004,58206,13,19,21
95015,Guaviare,95,Calamar,115,116,455,493,10282,23683,11,19,21
95025,Guaviare,95,El Retorno,22,2,112,121,14010,14306,0,8,8
95200,Guaviare,95,Mira?ores,11,1,0,0,7194,7346,0,0,0
41001,Huila,41,Neiva,2787,3729,5469,5755,367400,370318,10,15,16
41551,Huila,41,Pitalito,1228,1791,3343,2977,129710,130742,14,26,23
41298,Huila,41,Garzón,127,262,549,530,74758,75353,4,7,7
41615,Huila,41,Rivera,109,125,187,190,25342,25544,5,7,7
41396,Huila,41,La Plata,78,134,264,304,62904,63404,2,4,5
41359,Huila,41,Isnos,67,96,208,187,25935,26141,4,8,7
41668,Huila,41,San Agustín,64,42,71,58,34010,34281,1,2,2
41319,Huila,41,Guadalupe,61,119,304,271,18456,6873,6,44,39
41807,Huila,41,Timaná,52,80,163,194,22251,22428,4,7,9
41132,Huila,41,Campoalegre,43,82,172,215,31614,31865,3,5,7
41306,Huila,41,Gigante,41,128,226,245,24929,25127,5,9,10
41524,Huila,41,Palermo,40,58,119,131,27107,27322,2,4,5
41530,Huila,41,Palestina,32,47,60,54,11491,15956,4,4,3
41518,Huila,41,Paicol,27,25,96,82,6778,6832,4,14,12
41006,Huila,41,Acevedo,26,103,167,277,25510,25713,4,6,11
41020,Huila,41,Algeciras,25,124,210,212,22760,22941,5,9,9
41791,Huila,41,Tarqui,24,18,32,36,17874,18016,1,2,2
41799,Huila,41,Tello,22,27,65,61,11897,11991,2,5,5
41026,Huila,41,Altamira,21,5,17,16,4404,4439,1,4,4
41770,Huila,41,Suaza,18,47,90,95,22920,23102,2,4,4
41660,Huila,41,Saladoblanco,15,9,17,22,10654,10738,1,2,2
41503,Huila,41,Oporapa,13,18,35,30,12020,12116,1,3,2
41016,Huila,41,Aipe,12,28,51,81,16685,16818,2,3,5
41872,Huila,41,Villavieja,11,11,10,15,7299,7357,2,1,2
41801,Huila,41,Teruel,10,34,58,74,8160,8225,4,7,9
41206,Huila,41,Colombia,8,9,26,37,7122,7179,1,4,5
41548,Huila,41,Pital,8,87,138,126,14041,14153,6,10,9
41885,Huila,41,Yaguará,8,14,30,23,7888,7951,2,4,3
41349,Huila,41,Hobo,7,26,61,76,7448,7507,3,8,10
41357,Huila,41,íquira,7,13,21,24,9422,9497,1,2,3
41378,Huila,41,La Argentina,7,19,25,16,13272,13378,1,2,1
41483,Huila,41,Nátaga,7,3,3,2,6627,6680,0,0,0
41797,Huila,41,Tesalia,4,29,78,60,11015,11102,3,7,5
41013,Huila,41,Agrado,3,7,18,24,9010,9082,1,2,3
41078,Huila,41,Baraya,1,10,11,15,8337,8403,1,1,2
41244,Huila,41,Elías,0,1,5,7,4336,4371,0,1,2
41676,Huila,41,Santa María,1,34,192,150,10548,3545,3,54,42
44430,La Guajira,44,Maicao,51361,40208,55883,82834,189285,192085,212,291,431
44001,La Guajira,44,Riohacha,47172,32098,37535,48933,206435,209488,155,179,234
44279,La Guajira,44,Fonseca,11873,8086,8028,8985,45558,46232,177,174,194
44650,La Guajira,44,San Juan del Cesar,11390,6236,5084,4792,50713,51463,123,99,93
44847,La Guajira,44,Uribia,9196,5149,10220,13417,194450,197327,26,52,68
44078,La Guajira,44,Barrancas,5325,3267,3224,3414,39221,39801,83,81,86
44035,La Guajira,44,Albania,3301,1920,2034,2687,33006,4489,58,453,599
44090,La Guajira,44,Dibulla,2360,2664,3432,3628,43026,43663,62,79,83
44874,La Guajira,44,Villanueva,2308,1888,2318,2170,29902,25876,63,90,84
44560,La Guajira,44,Manaure,2144,1154,2368,2869,95577,96991,12,24,30
44378,La Guajira,44,Hato nuevo,1864,2038,2537,2535,22539,22873,90,111,111
44098,La Guajira,44,Distracción,1608,905,861,904,14572,14788,62,58,61
44110,La Guajira,44,El Molino,398,706,907,786,8059,8178,88,111,96
44855,La Guajira,44,Urumita,347,336,512,464,11517,11688,29,44,40
44420,La Guajira,44,La Jagua del Pilar,159,94,116,123,3921,3979,24,29,31
47001,Magdalena,47,Santa Marta,41693,45245,57046,60522,546979,552391,83,103,110
47189,Magdalena,47,Ciénaga,13791,8450,7855,7395,126245,127494,67,62,58
47288,Magdalena,47,Fundación,7436,3747,2659,2609,71572,72280,52,37,36
47245,Magdalena,47,El Banco,5654,2858,2497,2494,70783,71484,40,35,35
47555,Magdalena,47,Plato,2674,1420,885,836,64998,65641,22,13,13
47058,Magdalena,47,Ariguaní,2241,830,287,265,32281,32601,26,9,8
47053,Magdalena,47,Aracataca,2087,1309,1097,1069,42128,42545,31,26,25
47980,Magdalena,47,Zona Bananera,1914,2008,2836,2824,75081,75824,27,37,37
47551,Magdalena,47,Pivijay,1745,925,578,564,39570,39962,23,14,14
47318,Magdalena,47,Guamal,1484,498,450,515,28346,28626,18,16,18
47692,Magdalena,47,San Sebastián de Buenavista,1278,626,621,610,21013,21221,30,29,29
47541,Magdalena,47,Pedraza,854,262,36,34,9432,9526,28,4,4
47268,Magdalena,47,El Retén,785,479,466,426,21379,21591,22,22,20
47745,Magdalena,47,Sitionuevo,619,500,730,590,29612,29905,17,24,20
47707,Magdalena,47,Santa Ana,507,487,551,457,26475,26737,18,21,17
47703,Magdalena,47,San Zenón,472,144,135,248,12632,12757,11,11,19
47545,Magdalena,47,Pijiño del Carmen,428,180,133,207,13108,13238,14,10,16
47570,Magdalena,47,Puebloviejo,377,218,287,239,32688,33011,7,9,7
47258,Magdalena,47,El Piñón,259,237,258,282,24457,24699,10,10,11
47675,Magdalena,47,Salamina,249,110,137,155,11468,19733,10,7,8
47798,Magdalena,47,Tenerife,234,135,102,85,13710,13846,10,7,6
47460,Magdalena,47,Nueva Granada,220,269,335,291,21495,21707,13,15,13
47030,Magdalena,47,Algarrobo,195,115,175,241,17046,17214,7,10,14
47170,Magdalena,47,Chibolo,177,105,92,89,23751,23986,4,4,4
47205,Magdalena,47,Concordia,161,40,83,81,11401,22364,4,4,4
47161,Magdalena,47,Cerro de San Antonio,160,66,75,64,10093,10193,7,7,6
47720,Magdalena,47,Santa Bárbara de Pinto,91,60,93,91,11470,11584,5,8,8
47660,Magdalena,47,Sabanas de San ángel,72,79,211,306,16984,17152,5,12,18
47605,Magdalena,47,Remolino,69,43,55,59,12112,12232,4,4,5
47960,Magdalena,47,Zapayán,34,49,82,64,10778,10884,5,8,6
50001,Meta,50,Villavicencio,4505,12231,22564,24645,549922,554173,22,41,44
50006,Meta,50,Acacías,669,1834,2812,3130,92607,93323,20,30,34
50568,Meta,50,Puerto Gaitán,623,1190,2000,2277,43974,44314,27,45,51
50313,Meta,50,Granada,396,753,1660,1982,71174,10069,11,165,197
18001,Caqueta,18,Florencia,386,743,1198,1021,174839,176706,4,7,6
50226,Meta,50,Cumaral,195,526,881,998,23387,23568,22,37,42
50606,Meta,50,Restrepo,194,407,829,897,18812,18958,22,44,47
50573,Meta,50,Puerto López,153,499,862,1032,30563,30799,16,28,34
50318,Meta,50,Guamal,112,265,417,478,14584,28626,18,15,17
50689,Meta,50,San Martín,73,132,276,507,26718,29794,5,9,17
50150,Meta,50,Castilla La Nueva,71,263,387,333,16041,16165,16,24,21
50110,Meta,50,Barranca de Upía,65,278,440,412,6632,6684,42,66,62
50590,Meta,50,Puerto Rico,0,63,93,126,12980,26838,5,3,5
50400,Meta,50,Lejanías,61,188,369,472,11254,11341,17,33,42
18753,Caqueta,18,San Vicente del Caguan,61,68,263,233,53149,53717,1,5,4
18150,Caqueta,18,Cartagena del Chaira,59,43,64,54,31480,31817,1,2,2
50680,Meta,50,San Carlos de Guaroa,54,155,327,375,12984,13084,12,25,29
50124,Meta,50,Cabuyaro,51,37,56,123,6243,6291,6,9,20
50370,Meta,50,Uribe,45,43,84,63,9560,9634,4,9,7
50223,Meta,50,Cubarral,44,95,121,110,7126,7182,13,17,15
50450,Meta,50,Puerto Concordia,39,39,79,134,8640,8707,5,9,15
18592,Caqueta,18,Puerto Rico,39,25,40,35,26554,26838,1,1,1
50350,Meta,50,La Macarena,38,19,20,18,28290,28508,1,1,1
50577,Meta,50,Puerto Lleras,35,65,97,115,10440,10520,6,9,11
18247,Caqueta,18,El Doncello,33,25,31,36,19484,19692,1,2,2
50251,Meta,50,El Castillo,31,29,43,128,7469,7527,4,6,17
50711,Meta,50,Vista hermosa,30,146,320,255,16929,17060,9,19,15
50683,Meta,50,San Juan de Arama,29,17,20,34,8938,9007,2,2,4
50287,Meta,50,Fuente de Oro,21,39,84,150,12491,12587,3,7,12
50330,Meta,50,Mesetas,20,20,31,82,10516,10598,2,3,8
18029,Caqueta,18,Albania,18,10,23,18,4442,4489,2,5,4
18610,Caqueta,18,San Jose del Fragua,18,17,28,24,13237,13379,1,2,2
18756,Caqueta,18,Solano,15,2,0,0,11625,11749,0,0,0
50325,Meta,50,Mapiripán,12,9,13,32,7215,7271,1,2,4
18094,Caqueta,18,Belen de los Andaquies,12,5,4,4,11297,11418,0,0,0
18256,Caqueta,18,El Paujil,12,6,8,6,18659,18859,0,0,0
18205,Caqueta,18,Curillo,10,4,12,19,7854,7938,1,2,2
18410,Caqueta,18,La Montañita,8,6,10,7,14844,15003,0,1,0
50245,Meta,50,El Calvario,7,19,24,16,1666,1679,11,14,10
18860,Caqueta,18,Valparaiso,7,6,8,7,7122,6674,1,1,1
18479,Caqueta,18,Morelia,6,1,0,0,3786,3826,0,0,0
18785,Caqueta,18,Solita,5,7,8,8,6412,6480,1,1,1
50686,Meta,50,San Juanito,3,46,85,56,1253,1263,37,67,44
18460,Caqueta,18,Milan,3,3,8,5,10057,10165,0,1,0
50270,Meta,50,El Dorado,2,30,54,33,4004,4035,7,13,8
52001,Nariño,52,Pasto,6302,5136,6913,16805,392567,393009,13,18,43
52356,Nariño,52,Ipiales,4672,3817,4861,81030,115810,115936,33,42,699
52835,Nariño,52,San Andres de Tumaco,1284,895,2031,1898,257042,257326,3,8,7
52399,Nariño,52,La Unión,453,350,611,501,31744,23094,11,26,22
52227,Nariño,52,Cumbal,355,51,22,23,37032,37072,1,1,1
52838,Nariño,52,Túquerres,111,65,311,268,44565,44614,1,7,6
52354,Nariño,52,Imués,85,72,102,99,7444,7452,10,14,13
52317,Nariño,52,Guachucal,61,26,23,19,19334,19356,1,1,1
52678,Nariño,52,Samaniego,57,110,714,755,27735,27766,4,26,27
52573,Nariño,52,Puerres,54,25,38,32,8363,8372,3,5,4
52079,Nariño,52,Barbacoas,51,36,112,117,56524,56586,1,2,2
52287,Nariño,52,Funes,48,37,38,33,7133,7141,5,5,5
52683,Nariño,52,Sandoná,44,48,80,129,19765,19787,2,4,7
52786,Nariño,52,Taminango,38,146,383,420,17877,17897,8,21,23
52110,Nariño,52,Buesaco,37,43,55,63,23909,23935,2,2,3
52490,Nariño,52,Olaya Herrera,37,60,73,65,25204,25232,2,3,3
52250,Nariño,52,El Charco,36,17,69,66,22549,22574,1,3,3
52560,Nariño,52,Potosí,36,20,21,18,10056,10067,2,2,2
52224,Nariño,52,Cuaspud Carlosama,34,20,21,16,9198,9208,2,2,2
52427,Nariño,52,Magüi,34,11,14,43,25542,25570,0,1,2
52885,Nariño,52,Yacuanquer,34,11,11,14,10955,10967,1,1,1
52585,Nariño,52,Pupiales,32,9,13,8,17215,17234,1,1,0
52320,Nariño,52,Guaitarilla,28,19,31,34,11322,11335,2,3,3
52240,Nariño,52,Chachagüí,27,78,108,113,15299,15316,5,7,7
52323,Nariño,52,Gualmatán,27,6,4,3,7038,7046,1,1,0
52215,Nariño,52,Córdoba,26,23,74,59,15474,16892,1,4,3
52036,Nariño,52,Ancuyá,25,6,33,35,8601,8610,1,4,4
52352,Nariño,52,Iles,24,10,17,22,7630,7639,1,2,3
52385,Nariño,52,La Llanada,24,61,160,167,6469,6476,9,25,26
52506,Nariño,52,Ospina,24,3,0,0,6991,6999,0,0,0
52612,Nariño,52,Ricaurte,24,18,85,83,20056,15411,1,6,5
52051,Nariño,52,Arboleda,22,7,5,13,8418,8427,1,1,2
52210,Nariño,52,Contadero,22,7,14,18,7234,7242,1,2,2
52520,Nariño,52,Francisco Pizarro,22,3,1,0,14155,14170,0,0,0
52435,Nariño,52,Mallama,22,8,48,46,8944,8954,1,5,5
52687,Nariño,52,San Lorenzo,22,16,21,16,18395,18415,1,1,1
52699,Nariño,52,Santacruz,22,19,109,80,11074,11086,2,10,7
52207,Nariño,52,Consacá,21,17,21,19,13735,13750,1,2,1
52019,Nariño,52,Albán,19,24,61,160,9318,7377,3,8,22
52565,Nariño,52,Providencia,19,3,5,8,5552,5558,1,1,1
52381,Nariño,52,La Florida,18,10,16,11,9909,9920,1,2,1
52022,Nariño,52,Aldana,17,13,26,40,7359,7367,2,4,5
52233,Nariño,52,Cumbitara,17,29,230,228,5767,5773,5,40,39
52411,Nariño,52,Linares,17,16,42,46,10010,10021,2,4,5
52621,Nariño,52,Roberto Payán,15,6,5,5,12693,12708,0,0,0
52418,Nariño,52,Los Andes,14,20,45,51,9266,9276,2,5,5
52473,Nariño,52,Mosquera,14,6,6,9,12582,161610,0,0,0
52720,Nariño,52,Sapuyes,14,2,0,0,7230,7238,0,0,0
52540,Nariño,52,Policarpa,12,116,664,557,9777,9787,12,68,57
52258,Nariño,52,El Tablón De Goméz,11,9,9,7,14258,14273,1,1,0
52260,Nariño,52,El Tambo,9,4,5,13,13806,54629,0,0,0
52480,Nariño,52,Nariño,8,0,0,0,4345,10257,0,0,0
52696,Nariño,52,Santa Bárbara   ,0,8,9,10,13239,28034,1,0,0
52203,Nariño,52,Colón,7,12,15,12,8314,8323,1,2,1
52256,Nariño,52,El Rosario,7,58,94,134,12059,12072,5,8,11
52390,Nariño,52,La Tola,7,0,0,0,7460,7468,0,0,0
52788,Nariño,52,Tangua,6,23,44,35,13318,13333,2,3,3
52405,Nariño,52,Leiva,3,20,46,76,9569,9579,2,5,8
52254,Nariño,52,El Peñol,2,3,4,7,7442,7450,0,1,1
52378,Nariño,52,La Cruz,2,23,36,48,18639,18659,1,2,3
52685,Nariño,52,San Bernardo,2,6,13,9,9169,9635,1,1,1
52693,Nariño,52,San Pablo,2,11,18,14,14789,29476,1,1,0
52694,Nariño,52,San Pedro de Cartago,2,4,7,5,6818,6826,1,1,1
52083,Nariño,52,Belén,1,3,3,10,6300,7633,0,0,1
54001,Norte de Santander,54,San Jose De Cucuta,94847,98680,167678,217897,787891,791986,125,212,275
54874,Norte de Santander,54,Villa del Rosario,36512,21970,24196,37722,112798,113384,195,213,333
54810,Norte de Santander,54,Tibú,8725,6480,13650,22070,59536,59845,109,228,369
54518,Norte de Santander,54,Pamplona,8367,5135,4397,4893,54647,54930,94,80,89
54405,Norte de Santander,54,Los Patios,7262,7215,10377,11997,98569,99081,73,105,121
54172,Norte de Santander,54,Chinácota,4899,2940,2442,2457,19120,19219,154,127,128
54498,Norte de Santander,54,Ocaña,4845,6018,10087,10440,131103,131784,46,77,79
54261,Norte de Santander,54,El Zulia,3611,2878,3038,3663,29800,29955,97,101,122
54003,Norte de Santander,54,abrego,3115,1886,1243,1525,34395,34574,55,36,44
54553,Norte de Santander,54,Puerto Santander,2186,1704,3092,5520,9391,9439,181,328,585
54250,Norte de Santander,54,El Tarra,1948,1226,2041,3263,22230,22346,55,91,146
54347,Norte de Santander,54,Herrán,1207,461,418,547,7426,7465,62,56,73
54720,Norte de Santander,54,Sardinata,973,1024,1700,2233,27171,27312,38,62,82
54599,Norte de Santander,54,Ragonvalia,932,388,408,476,6426,6459,60,63,74
54174,Norte de Santander,54,Chitagá,928,565,674,887,12564,12629,45,53,70
54820,Norte de Santander,54,Toledo,722,527,666,725,16548,5200,32,128,139
54206,Norte de Santander,54,Convención,618,587,1076,1091,19916,20019,29,54,54
54800,Norte de Santander,54,Teorama,537,191,714,928,17915,18008,11,40,52
54673,Norte de Santander,54,San Cayetano,443,623,767,709,7898,5339,79,144,133
54743,Norte de Santander,54,Silos,423,438,546,562,6636,6670,66,82,84
54099,Norte de Santander,54,Bochalema,414,426,601,669,8968,9014,48,67,74
54670,Norte de Santander,54,San Calixto,326,199,251,301,12341,12405,16,20,24
54051,Norte de Santander,54,Arboledas,318,250,280,250,10194,10246,25,27,24
54377,Norte de Santander,54,Labateca,305,158,172,210,6664,6699,24,26,31
54344,Norte de Santander,54,Hacarí,279,221,480,454,10748,10804,21,44,42
54660,Norte de Santander,54,Salazar,232,286,336,369,10875,10931,26,31,34
54418,Norte de Santander,54,Lourdes,227,140,206,246,4248,4270,33,48,58
54239,Norte de Santander,54,Durania,222,216,285,333,4878,4903,44,58,68
54125,Norte de Santander,54,Cácota,200,190,283,385,2954,2969,64,95,130
54313,Norte de Santander,54,Gramalote,197,136,172,199,7799,7840,17,22,25
54871,Norte de Santander,54,Villa Caro,196,71,108,141,5376,5403,13,20,26
54223,Norte de Santander,54,Cucutilla,194,138,213,323,8591,8636,16,25,37
54385,Norte de Santander,54,La Esperanza,179,144,181,193,12545,12610,11,14,15
54520,Norte de Santander,54,Pamplonita,151,243,422,461,5872,5903,41,71,78
54480,Norte de Santander,54,Mutiscua,150,119,167,172,4593,4617,26,36,37
54680,Norte de Santander,54,Santiago,149,73,98,111,3718,3737,20,26,30
54109,Norte de Santander,54,Bucarasica,91,87,119,131,6704,6739,13,18,19
54398,Norte de Santander,54,La Playa,85,76,93,114,8112,8155,9,11,14
54245,Norte de Santander,54,El Carmen,79,89,162,195,14235,14309,6,11,14
54128,Norte de Santander,54,Cachirá,27,31,72,78,11351,11410,3,6,7
86568,Putumayo,86,Puerto Asis,587,674,2838,2798,68143,69074,10,41,41
86757,Putumayo,86,San Miguel,553,211,1136,1183,19703,2525,11,450,469
86865,Putumayo,86,Valle del Guamuez,499,351,2229,2227,35140,35621,10,63,63
86001,Putumayo,86,Mocoa,379,862,1935,1932,59755,60572,14,32,32
86760,Putumayo,86,Santiago,310,123,211,211,7408,3737,17,56,56
86320,Putumayo,86,Orito,255,377,1473,1368,39273,39810,10,37,34
86749,Putumayo,86,Sibundoy,214,158,436,409,15687,15902,10,27,26
86569,Putumayo,86,Puerto Caicedo,170,273,575,575,16226,16448,17,35,35
86885,Putumayo,86,Villagarzon,167,253,716,611,24425,24759,10,29,25
86219,Putumayo,86,Colon,120,39,78,83,5606,8323,7,9,10
86573,Putumayo,86,Puerto Leguizamo,111,48,96,84,29903,30312,2,3,3
86571,Putumayo,86,Puerto Guzman,40,60,131,121,37173,37682,2,3,3
86755,Putumayo,86,San Francisco,22,16,35,30,5643,6074,3,6,5
63001,Quindio,63,Armenia,6852,9234,13927,13424,308463,5232,30,2662,2566
63130,Quindio,63,Calarca,555,1105,2064,1908,75796,76803,15,27,25
63190,Quindio,63,Circasia,292,316,519,454,29413,29802,11,17,15
63470,Quindio,63,Montenegro,282,593,1253,1344,37966,38469,16,33,35
63594,Quindio,63,Quimbaya,225,375,577,598,31514,31931,12,18,19
63401,Quindio,63,La Tebaida,181,335,751,786,35225,35692,10,21,22
63272,Quindio,63,Filandia,135,241,367,298,12405,12570,19,29,24
63690,Quindio,63,Salento,123,246,388,333,9644,9772,26,40,34
63212,Quindio,63,Cordoba,35,34,85,115,5807,16892,6,5,7
63111,Quindio,63,Buenavista,33,62,109,113,3166,4455,20,24,25
63548,Quindio,63,Pijao,22,127,316,397,5182,5251,25,60,76
63302,Quindio,63,Genova,16,62,133,166,7536,7636,8,17,22
66001,Risaralda,66,Pereira,13658,18455,27355,26337,480803,485373,38,56,54
66170,Risaralda,66,Dosquebradas,4747,6918,9951,7566,225554,227696,31,44,33
66682,Risaralda,66,Santa Rosa de Cabal,1067,1616,2498,2044,80000,80760,20,31,25
66400,Risaralda,66,La Virginia,203,277,517,470,28197,28465,10,18,17
66088,Risaralda,66,Belén de Umbría,108,116,276,325,24899,25135,5,11,13
66687,Risaralda,66,Santuario,97,111,189,255,12530,12649,9,15,20
66045,Risaralda,66,Apía,59,88,156,174,12315,12432,7,13,14
66440,Risaralda,66,Marsella,47,71,115,142,16845,17005,4,7,8
66594,Risaralda,66,Quinchía,45,81,213,245,27484,27746,3,8,9
66383,Risaralda,66,La Celia,38,57,184,161,7483,7554,8,24,21
66318,Risaralda,66,Guática,23,39,82,92,12203,12319,3,7,7
66572,Risaralda,66,Pueblo Rico,17,25,38,31,16577,16734,2,2,2
66075,Risaralda,66,Balboa,13,55,113,141,6346,21780,9,5,6
66456,Risaralda,66,Mistrató,11,22,80,91,17390,17555,1,5,5
88001,"ARCHIPIeLAGO DE SAN ANDReS, PROVIDENCIA Y SANTA CATALINA",88,San Andres,308,138,86,1033,58316,8758,2,10,118
88564,"ARCHIPIeLAGO DE SAN ANDReS, PROVIDENCIA Y SANTA CATALINA",88,Providencia,39,10,11,51,6356,5558,2,2,9
68001,Santander,68,Bucaramanga,41132,41460,52128,60809,614269,618967,67,84,98
68276,Santander,68,Floridablanca,24825,15649,11490,8903,311365,313745,50,37,28
68547,Santander,68,Piedecuesta,8088,6685,7111,6215,185020,186435,36,38,33
68081,Santander,68,Barrancabermeja,6345,6591,8519,9017,213061,214689,31,40,42
68307,Santander,68,Girón,5360,5546,6728,5815,173841,175170,32,38,33
68755,Santander,68,Socorro,3929,2510,2006,2131,34007,34267,74,59,62
68679,Santander,68,San Gil,3880,2951,3185,3482,60342,60804,49,52,57
68406,Santander,68,Lebrija,2519,2000,2084,2070,44667,45008,45,46,46
68432,Santander,68,Málaga,2061,1158,786,820,21912,22079,53,36,37
68655,Santander,68,Sabana de Torres,1932,1217,1070,1383,34945,35212,35,30,39
68689,Santander,68,San Vicente de Chucurí,1365,858,1076,1069,33965,34224,25,31,31
68077,Santander,68,Barbosa,988,1369,1929,1841,33021,56053,41,34,33
68190,Santander,68,Cimitarra,871,833,866,878,34789,35056,24,25,25
68575,Santander,68,Puerto Wilches,857,627,574,785,34585,34849,18,16,23
68861,Santander,68,Vélez,798,633,579,491,25498,25693,25,23,19
68162,Santander,68,Cerrito,571,242,282,445,7010,7063,35,40,63
68770,Santander,68,Suaita,453,381,326,370,10270,10349,37,32,36
68167,Santander,68,Charalá,435,280,361,292,12408,12503,23,29,23
68255,Santander,68,El Playón,359,200,189,259,14193,14302,14,13,18
68500,Santander,68,Oiba,339,334,496,518,11299,11385,30,44,45
68855,Santander,68,Valle de San José,337,440,786,818,6406,6455,69,122,127
68820,Santander,68,Tona,332,303,562,574,7805,7865,39,71,73
68147,Santander,68,Capitanejo,330,215,191,195,5540,5582,39,34,35
68615,Santander,68,Rionegro,296,494,806,890,27361,147484,18,5,6
68669,Santander,68,San Andrés,290,124,96,96,8691,8758,14,11,11
68318,Santander,68,Guaca,286,158,146,158,5974,6020,26,24,26
68229,Santander,68,Curití,281,287,350,358,13432,13535,21,26,26
68235,Santander,68,El Carmen de Chucurí,201,156,466,432,22062,22230,7,21,19
68418,Santander,68,Los Santos,185,159,272,309,14954,15068,11,18,21
68207,Santander,68,Concepción,183,162,211,196,5821,4906,28,43,40
68684,Santander,68,San José de Miranda,181,75,40,50,4336,4370,17,9,11
68464,Santander,68,Mogotes,180,121,157,186,10765,10847,11,14,17
68745,Santander,68,Simacota,171,80,65,69,10339,10418,8,6,7
68385,Santander,68,Landázuri,159,77,93,103,10705,10787,7,9,10
68079,Santander,68,Barichara,155,160,183,155,10935,11018,15,17,14
68152,Santander,68,Carcasí,153,41,50,55,4306,4339,10,12,13
68872,Santander,68,Villanueva,153,212,290,311,8070,25876,26,11,12
68327,Santander,68,Güepsa,149,126,221,264,5368,5409,23,41,49
68572,Santander,68,Puente Nacional,141,179,207,199,15008,15123,12,14,13
68209,Santander,68,Con?nes,126,104,336,317,3330,3356,31,100,94
68266,Santander,68,Enciso,123,40,43,64,3483,3510,11,12,18
68051,Santander,68,Aratoca,122,97,115,145,8581,8646,11,13,17
68549,Santander,68,Pinchote,104,113,172,137,5445,5486,21,31,25
68686,Santander,68,San Miguel,91,63,69,83,2505,2525,25,27,33
68296,Santander,68,Galán,83,62,53,63,2923,2945,21,18,21
68533,Santander,68,Páramo,78,190,335,325,4924,4961,39,68,66
68895,Santander,68,Zapatoca,77,88,117,119,9672,9746,9,12,12
68498,Santander,68,Ocamonte,76,91,125,115,5874,5919,15,21,19
68425,Santander,68,Macaravita,75,25,8,5,2127,2144,12,4,2
68705,Santander,68,Santa Bárbara,69,41,45,45,2475,28034,17,2,2
68324,Santander,68,Guavatá,55,32,42,84,4237,4270,8,10,20
68468,Santander,68,Molagavita,54,14,15,17,4151,4183,3,4,4
68092,Santander,68,Betulia,53,120,145,160,6128,16392,20,9,10
68176,Santander,68,Chima,52,54,54,40,2898,18173,19,3,2
68169,Santander,68,Charta,51,18,29,22,2920,2942,6,10,7
68101,Santander,68,Bolívar,48,70,123,118,11101,37586,6,3,3
68444,Santander,68,Matanza,45,60,98,114,5091,5130,12,19,22
68573,Santander,68,Puerto Parra,45,140,200,223,8107,8169,17,24,27
68344,Santander,68,Hato,40,17,30,33,2396,2415,7,12,14
68298,Santander,68,Gambita,38,36,43,43,4057,4088,9,11,11
68673,Santander,68,San Benito,38,7,8,13,3005,3028,2,3,4
68377,Santander,68,La Belleza,32,35,51,62,6246,6294,6,8,10
68322,Santander,68,Guapotá,30,23,25,25,2440,2458,9,10,10
68773,Santander,68,Sucre,28,22,21,13,7142,9826,3,2,1
68502,Santander,68,Onzaga,25,10,9,13,4127,4159,2,2,3
68013,Santander,68,Aguada,22,27,25,58,1888,23452,14,1,2
68020,Santander,68,Albania,21,27,30,26,4385,4489,6,7,6
68179,Santander,68,Chipatá,21,51,58,48,5149,5189,10,11,9
68780,Santander,68,Suratá,21,30,53,74,4031,4062,7,13,18
68160,Santander,68,Cepitá,19,21,26,26,2047,2063,10,13,13
68320,Santander,68,Guadalupe,19,33,60,59,4517,6873,7,9,9
68121,Santander,68,Cabrera,16,12,18,21,2043,5429,6,3,4
68132,Santander,68,California,16,20,23,22,2257,2274,9,10,10
68522,Santander,68,Palmar,16,16,27,31,1423,1433,11,19,22
68524,Santander,68,Palmas del Socorro,16,55,65,72,2655,2675,21,24,27
68682,Santander,68,San Joaquín,15,8,10,12,2232,2249,4,4,5
68867,Santander,68,Vetas,14,8,10,8,2192,2209,4,5,4
68217,Santander,68,Coromoro,12,28,43,39,5080,5118,6,8,8
68271,Santander,68,Florián,12,8,19,19,5651,5694,1,3,3
68368,Santander,68,Jesús María,11,9,11,9,3376,3402,3,3,3
68264,Santander,68,Encino,9,17,28,21,2612,2632,7,11,8
68720,Santander,68,Santa Helena Del Opón,9,16,20,19,3449,3475,5,6,5
68250,Santander,68,El Peñón,3,2,5,8,5568,8281,0,1,1
68211,Santander,68,Contratación,2,16,23,22,3740,3769,4,6,6
68245,Santander,68,El Guacamayo,2,4,10,15,2108,2124,2,5,7
68370,Santander,68,Jordán,2,3,4,3,1351,1361,2,3,2
68397,Santander,68,La Paz,2,26,33,22,4971,30657,5,1,1
70001,Sucre,70,Sincelejo,11424,7843,8963,9319,298062,301126,26,30,31
70708,Sucre,70,San Marcos,1931,773,1088,851,61412,62044,13,18,14
70713,Sucre,70,San Onofre,1631,379,640,853,51813,52346,7,12,16
70215,Sucre,70,Corozal,1330,844,1159,1200,71843,72582,12,16,17
70670,Sucre,70,Sampués,674,395,461,509,49501,50010,8,9,10
70429,Sucre,70,Majagual,559,208,263,535,38834,39233,5,7,14
70742,Sucre,70,San Luis de Sincé,551,286,316,309,32343,32675,9,10,9
70820,Sucre,70,Santiago de Tolú,550,315,358,310,34587,34943,9,10,9
70823,Sucre,70,Tolú Viejo,435,217,322,353,22596,22828,10,14,15
70235,Sucre,70,Galeras,379,165,219,282,23563,23805,7,9,12
70221,Sucre,70,Coveñas,372,335,450,549,19789,19992,17,23,27
70717,Sucre,70,San Pedro,357,88,177,206,19475,19675,5,9,10
70508,Sucre,70,Ovejas,310,139,209,241,23759,24003,6,9,10
70110,Sucre,70,Buenavista,263,126,181,172,11117,4455,11,41,39
70771,Sucre,70,Sucre,250,29,0,0,31239,9826,1,0,0
70418,Sucre,70,Los Palmitos,236,105,153,139,24213,24462,4,6,6
70678,Sucre,70,San Benito Abad,234,66,69,106,30184,30495,2,2,3
70702,Sucre,70,San Juan de Betulia,230,115,126,126,14387,14534,8,9,9
70265,Sucre,70,Guaranda,222,143,196,349,18861,19055,8,10,18
70523,Sucre,70,Palmito,206,43,98,90,15267,15423,3,6,6
70473,Sucre,70,Morroa,163,104,181,171,16080,16245,6,11,11
70233,Sucre,70,El Roble,151,57,97,106,10585,10694,5,9,10
70400,Sucre,70,La Unión,144,71,107,94,13176,23094,5,5,4
70124,Sucre,70,Caimito,81,24,76,76,16252,16419,1,5,5
70204,Sucre,70,Coloso,61,60,138,140,8852,8943,7,15,16
70230,Sucre,70,Chalán,28,6,28,27,4667,4715,1,6,6
73001,Tolima,73,Ibagué,5645,9263,13144,12174,542724,543949,17,24,22
73268,Tolima,73,Espinal,2133,1864,1693,1635,71221,71383,26,24,23
73443,Tolima,73,San Sebastian de Mariquita,622,589,913,845,38448,"38,535",15,24,22
73449,Tolima,73,Melgar,400,1196,1894,1628,37795,37880,32,50,43
73275,Tolima,73,Flandes,176,322,501,451,28700,28766,11,17,16
73283,Tolima,73,Fresno,163,219,400,355,31278,31349,7,13,11
73411,Tolima,73,Líbano,140,173,373,341,36332,36414,5,10,9
73168,Tolima,73,Chaparral,138,215,318,353,50889,51005,4,6,7
73585,Tolima,73,Puri?cación,124,90,121,102,23604,23657,4,5,4
73555,Tolima,73,Planadas,89,142,225,299,25871,25930,5,9,12
73349,Tolima,73,Honda,87,115,189,172,24611,24666,5,8,7
73148,Tolima,73,Carmen de Apicalá,76,235,399,506,10479,10503,22,38,48
73124,Tolima,73,Cajamarca,72,188,398,411,18494,18535,10,21,22
73352,Tolima,73,Icononzo,69,129,218,197,11926,11953,11,18,16
73408,Tolima,73,Lérida,56,84,139,129,18669,18711,4,7,7
73624,Tolima,73,Rovira,51,180,332,343,21551,21600,8,15,16
73319,Tolima,73,Guamo,42,191,524,588,32864,32938,6,16,18
73055,Tolima,73,Armero,41,30,44,42,12072,12099,2,4,3
73270,Tolima,73,Falan,30,43,74,78,7407,7423,6,10,11
73616,Tolima,73,Rioblanco,29,64,162,132,22680,22732,3,7,6
73217,Tolima,73,Coyaima,23,11,43,92,22553,22604,0,2,4
73678,Tolima,73,San Luis,21,83,125,129,13489,13532,6,9,10
73686,Tolima,73,Santa Isabel,16,18,30,27,5689,5702,3,5,5
73043,Tolima,73,Anzoátegui,15,42,53,54,10034,10057,4,5,5
73520,Tolima,73,Palocabildo,15,51,91,109,9843,9866,5,9,11
73483,Tolima,73,Natagaima,14,25,37,53,14713,14746,2,3,4
73226,Tolima,73,Cunday,13,24,54,43,8395,8414,3,6,5
73873,Tolima,73,Villarrica,13,31,49,44,4974,4985,6,10,9
73067,Tolima,73,Ataco,12,25,64,78,19171,19214,1,3,4
73504,Tolima,73,Ortega,12,20,34,31,34416,34494,1,1,1
73854,Tolima,73,Valle de San Juan,12,53,92,102,5375,5387,10,17,19
73861,Tolima,73,Venadillo,12,26,62,66,12759,12787,2,5,5
73547,Tolima,73,Piedras,11,14,22,19,6781,6796,2,3,3
73347,Tolima,73,Herveo,10,8,14,21,7233,7250,1,2,3
73671,Tolima,73,Saldaña,10,72,205,180,14514,14546,5,14,12
73024,Tolima,73,Alpujarra,9,6,29,31,4470,4481,1,6,7
73026,Tolima,73,Alvarado,9,42,69,88,8739,8759,5,8,10
73200,Tolima,73,Coello,9,32,39,32,8345,8364,4,5,4
73622,Tolima,73,Roncesvalles,9,13,13,31,5494,5507,2,2,6
73152,Tolima,73,Casabianca,8,14,23,20,6315,6329,2,4,3
73675,Tolima,73,San Antonio,8,29,41,62,12605,12634,2,3,5
73030,Tolima,73,Ambalema,7,16,37,32,6579,6594,2,6,5
73563,Tolima,73,Prado,7,43,73,58,8439,8458,5,9,7
73461,Tolima,73,Murillo,5,3,4,5,4155,4164,1,1,1
73870,Tolima,73,Villahermosa,4,17,34,38,9212,9233,2,4,4
73236,Tolima,73,Dolores,3,36,42,66,8208,8226,4,5,8
73770,Tolima,73,Suárez,1,12,19,23,3783,33053,3,1,1
76001,Valle del Cauca,76,Cali,59571,84160,121837,117780,2264748,2280907,37,53,52
76364,Valle del Cauca,76,Jamundí,6872,8028,9890,8821,168079,169280,48,58,52
76520,Valle del Cauca,76,Palmira,5650,9583,14873,12625,356259,358806,27,41,35
76892,Valle del Cauca,76,Yumbo,2569,4507,6442,5369,110683,111474,41,58,48
76834,Valle del Cauca,76,Tuluá,2535,3542,5306,5030,220032,221604,16,24,23
76147,Valle del Cauca,76,Cartago,1764,2145,3643,3183,138042,139026,16,26,23
76109,Valle del Cauca,76,Buenaventura,1508,2050,3494,3452,313508,315743,7,11,11
76130,Valle del Cauca,76,Candelaria,1485,3324,5131,4512,94736,17714,35,290,255
76111,Valle del Cauca,76,Guadalajara de Buga,1377,2518,3600,3177,129639,130564,19,28,24
76248,Valle del Cauca,76,El Cerrito,639,1286,1985,1767,57441,57851,22,34,31
76400,Valle del Cauca,76,La Unión,425,608,884,923,34685,23094,18,38,40
76895,Valle del Cauca,76,Zarzal,365,678,1067,1007,42635,42940,16,25,23
76563,Valle del Cauca,76,Pradera,355,485,755,687,48424,48770,10,15,14
76275,Valle del Cauca,76,Florida,348,1527,2555,2306,58273,58689,26,44,39
76233,Valle del Cauca,76,Dagua,334,754,1339,1307,49279,49631,15,27,26
76622,Valle del Cauca,76,Roldanillo,314,641,1187,973,36984,37248,17,32,26
76318,Valle del Cauca,76,Guacarí,286,644,984,903,33759,34000,19,29,27
76122,Valle del Cauca,76,Caicedonia,274,389,662,746,28674,28879,14,23,26
76126,Valle del Cauca,76,Calima,273,646,911,925,18364,18495,35,49,50
76377,Valle del Cauca,76,La Cumbre,227,289,468,465,16598,16716,17,28,28
76736,Valle del Cauca,76,Sevilla,219,361,755,1006,41374,41670,9,18,24
76113,Valle del Cauca,76,Bugalagrande,206,250,396,446,24597,24772,10,16,18
76606,Valle del Cauca,76,Restrepo,187,206,385,499,15386,18958,13,20,26
76036,Valle del Cauca,76,Andalucía,178,232,356,387,22716,22878,10,16,17
76306,Valle del Cauca,76,Ginebra,174,335,540,605,23174,23340,14,23,26
76403,Valle del Cauca,76,La Victoria,140,267,426,447,11931,1132,22,376,395
76890,Valle del Cauca,76,Yotoco,127,333,469,525,16284,16400,20,29,32
76020,Valle del Cauca,76,Alcalá,106,283,537,635,14375,14477,20,37,44
76869,Valle del Cauca,76,Vijes,100,420,582,661,12953,13046,32,45,51
76670,Valle del Cauca,76,San Pedro,92,168,304,334,17297,19675,10,15,17
76828,Valle del Cauca,76,Trujillo,90,165,257,310,19084,19220,9,13,16
76616,Valle del Cauca,76,Riofrío,66,98,166,167,15546,15657,6,11,11
76246,Valle del Cauca,76,El Cairo,64,74,99,137,6541,6588,11,15,21
76054,Valle del Cauca,76,Argelia,56,96,120,152,5205,7780,18,15,20
76823,Valle del Cauca,76,Toro,54,127,212,214,14466,14570,9,15,15
76041,Valle del Cauca,76,Ansermanuevo,50,187,255,239,17409,17533,11,15,14
76243,Valle del Cauca,76,El águila,44,20,17,34,8608,8670,2,2,4
76497,Valle del Cauca,76,Obando,40,31,60,71,12107,12193,3,5,6
76100,Valle del Cauca,76,Bolívar,33,122,189,226,15798,37586,8,5,6
76863,Valle del Cauca,76,Versalles,23,32,93,92,6987,7037,5,13,13
76250,Valle del Cauca,76,El Dovio,20,94,160,177,8662,8724,11,18,20
76845,Valle del Cauca,76,Ulloa,0,0,49,57,5410,5449,0,9,10
97001,Vaupes,97,Mitu,46,7,8,6,34307,35838,0,0,0
97666,Vaupes,97,Taraira,21,0,3,2,2534,2647,0,1,1
97161,Vaupes,97,Cacuru,3,0,4,4,3349,"3,498",0,1,1
97511,Vaupes,97,Pacoa,3,0,0,1,4649,4881,0,0,0
11001,"Bogota, D.C.",11,"Bogota, D.C.",340711,393716,495236,614974,7834167,7901653,50,63,78
99001,Vichada,99,Puerto Carreño,4077,4551,9656,11062,20578,20798,221,464,532
99773,Vichada,99,Cumaribo,352,88,105,160,79984,80837,1,1,2
99524,Vichada,99,La Primavera,116,72,132,346,9743,9846,7,13,35
99624,Vichada,99,Santa Rosalia,10,27,41,62,4252,4297,6,10,14
